Nom.C,Legislature,twitter,twitter_2,twitter_wiki_NE
Flavien Termet,XVII,flavien_termet,,
Hanane Mansouri,XVII,hanane_mnsr,,
Tematai Le Gayic,XVI,Tematai_LeGayic,,
Louis Boyard,"XVI, XVII",louisboyard,l_boyard,
Théo Bernhardt,XVII,th_bnrdt,,
Auguste Evrard,XVII,au_evrard,,
Hugo Prevost,XVII,prevost_hugo,,
Pierrick Berteloot,XVI,pierrickbrtlo,,
Alexandre Dufosset,XVII,alexandredfss,,
Bryan Masson,"XVI, XVII",massonbryan,,
Damien Maudet,"XVI, XVII",damienmaudt,,
Aurélien Le Coq,XVII,aurelien_le_coq,,
Maxime Amblard,XVII,maximeamblard5,,
Eddy Casterman,XVII,eddycasterman,,
Charles Rodwell,"XVI, XVII",charlesrodwell_,charles_rodwell,
Romain Tonussi,XVII,romaintonussi,,
Manon Meunier,"XVI, XVII",manonmeunier_up,,
Julien Limongi,XVII,julien_limongi,,
Louise Morel,"XVI, XVII",louisemorel67,louisemorel11,
Victor Catteau,XVI,victorcatteau,,
Marie-Charlotte Garin,"XVI, XVII",mc_garin,,
Pierre Cazeneuve,"XVI, XVII",pierrecazeneuve,,
Édouard Bénard,"XVI, XVII",edouardbenard76,,
Anaïs Belouassa-Cherifi,XVII,belouassaanais,,
Jordan Guitton,"XVI, XVII",jordan_guitton,,
Raphaël Arnault,XVII,arnaultraphael,,
Claire Lejeune,XVII,clairemlejeune,,
Marie Mesmeur,XVII,mariemesmeur,,
Alexandre Loubet,"XVI, XVII",alexandreloubet,,
Gaëtan Dussausaye,XVII,g_dussausaye,,
Jean Moulliere,XVII,JeanMoulliere,,
Ludovic Pajot,XV,ludovicpajot,,
Charles Alloncle,XVII,challoncle,,
Quentin Bataillon,XVI,qbataillon,,
Inaki Echaniz,"XVI, XVII",inakiechaniz,,
Céline Hervieu,XVII,celine_hervieu,,
Julien Rancoule,"XVI, XVII",j_rancoule,,
Clara Chassaniol,XVI,cl_chassaniol,,
Mathilde Hignet,"XVI, XVII",mathildehignet,mhignet,
Matthieu Marchio,"XVI, XVII",marchiomatthieu,,
Anthony Boulogne,XVII,antboulogne54,,
Aurélien Lopez-Liguori,"XVI, XVII",lopezliguori,,
Guillaume Florquin,XVII,guillaumefl59,,
Jorys Bovet,"XVI, XVII",jorysb3,,
Alexandre Sabatou,"XVI, XVII",asabatou,,
Antoine Vermorel-Marques,"XVI, XVII",antoinevermorel,,
Typhanie Degois,XV,typhanie_degois,,
Vincent Caure,XVII,vincent_caure,caurevincent,
David Amiel,"XVI, XVII",amiel_david_,,
David Guiraud,"XVI, XVII",guiraudind,,
Victor Habert-Dassault,"XV, XVI",,,
Pierre-Yves Cadalen,XVII,pycadalen,,
Alexis Izard,XVI,alexis_izard,,
Manon Bouquin,XVII,manon_bouquin,,
Gabrielle Cathala,XVII,gabriellecthl,,
Maxime Michelet,XVII,maxime_michelet,,
Lénaïck Adam,XV,lenaickadam,,
Thomas Ménagé,"XVI, XVII",thomas_mng,,
Pierre Henriet,"XV, XVI, XVII",henrietpierre,,
Philippe Brun,"XVI, XVII",p_brun,,
Arthur Delaporte,"XVI, XVII",arthurdelaporte,,
Antoine Armand,"XVI, XVII",antoine_armand,,
Kévin Mauvieux,"XVI, XVII",mauvieuxkevin,,
Bartolomé Lenoir,XVII,bartolenoir,,
Pauline Levasseur,XVII,,,
Hadrien Clouet,"XVI, XVII",hadrienclouet,,
Sylvain Carrière,"XVI, XVII",sylv20carriere,,
Robin Reda,"XV, XVI",robinreda,,
Bénédicte Peyrol,XV,b_peyrol,,
Sandrine Le Feur,"XV, XVI, XVII",sandrinelefeur,,
Clémence Guetté,"XVI, XVII",clemence_guette,,
Dimitri Houbron,XV,dhoubron1759,dimitrihoub17,
Maud Bregeon,"XVI, XVII",maudbregeon,guichard_claire,
Carlos Martens Bilongo,"XVI, XVII",bilongocarlos,,
Alexis Jolly,"XVI, XVII",alexisjollyrn,,
Marie Lebec,"XV, XVI, XVII",marielebec78,,
Mickaël Nogal,XV,mickaelnogal,,
Benjamin Lucas-Lundy,"XVI, XVII",benjam1lucas,,
Andy Kerbrat,"XVI, XVII",andykerbrat,andykerbrat2022,
Charlotte Goetschy-Bolognese,XVI,c_goetschyb,cgoetschy,
Bastien Marchive,"XVI, XVII",b_marchive,,
Sébastien Humbert,XVII,seb_humbert,,
Kévin Pfeffer,"XVI, XVII",k_pfeffer,,
Adrien Quatennens,"XV, XVI",aquatennens,,
Alma Dufour,"XVI, XVII",alma_dufour,,
Marie Pochon,"XVI, XVII",mariepochon,,
Alexandre Portier,"XVI, XVII",portier_a_,alexportier69,
Léa Balage El Mariky,XVII,leabalage,,
Anaïs Sabatini,"XVI, XVII",anais_sabatini,,
Nathalie Oziol,"XVI, XVII",nathalieoziol,,
Raphaël Schellenberger,"XV, XVI, XVII",rscactu,,
Jean Laussucq,XVII,jeanlaussucq,,
Hervé Berville,"XV, XVI, XVII",herveberville,,
Emmanuel Duplessy,XVII,emmduplessy,,
Corentin Le Fur,XVII,lefurcorentin,,
Marion Maréchal-Le Pen,XIV,marion_m_le_pen,marionmarechal,
Thibaut François,XVI,thib_francois,,
Pierre Meurin,"XVI, XVII",meurin_p,,
Justine Gruet,"XVI, XVII",justinegruet,,
Ugo Bernalicis,"XV, XVI, XVII",ugobernalicis,,
Julie Delpech,"XVI, XVII",juliedelpech72,,
Antoine Léaument,"XVI, XVII",aleaument,,
Tiffany Joncour,XVII,tiffany_joncour,,
Damien Adam,"XV, XVI",damienadam76,,
Bruno Clavet,XVII,brunoclavet,,
Hadrien Ghomi,XVI,hadrienghomi,,
Gabriel Attal,"XV, XVI, XVII",gabrielattal,,
Sarah El Haïry,"XV, XVI",sarahelhairy,,
Antoine Villedieu,"XVI, XVII",villedieu_a,,
Jérémie Patrier-Leitus,"XVI, XVII",jpatrierleitus,,
Marc De Fleurian,XVII,marcdefleurian,,
Romain Baubry,"XVI, XVII",baubryr,,
Pierre Person,XV,pierr_person,,
Mathilde Panot,"XV, XVI, XVII",mathildepanot,,
Alexandre Allegret-Pilot,XVII,AllegretPilot,,
Charles Sitzenstuhl,"XVI, XVII",csitzenstuhl,,
Anne-Laure Cattelot,XV,alcattelot,,
Sacha Houlié,"XV, XVI, XVII",sachahoulie,,
William Martinet,XVI,williammartinet,,
Moerani Frébault,XVII,,MoeraniFrebault,
Timothée Houssin,"XVI, XVII",t_houssin,,
Lisa Belluco,"XVI, XVII",lisabelluco,,
Vincent Trébuchet,XVII,vt_trebuchet,,
Jean-Marc Zulesi,"XV, XVI",jmzulesi,,
Aurélien Saintoul,"XVI, XVII",a_saintoul,,
Ersilia Soudais,"XVI, XVII",ersiliasoudais,,
Nicolas Metzdorf,"XVI, XVII",nicolasmetzdorf,,
Ian Boucard,"XV, XVI, XVII",ianboucard,,
Matthias Renault,XVII,matthiasrn,,
Bérenger Cernon,XVII,slappy_w,,
Angélique Ranc,"XVI, XVII",angelique_ranc,,
Lionel Tivoli,"XVI, XVII",lionel_tivoli,,
Damien Pichereau,XV,damienpichereau,labaronnedaniel,
Marie-Ange Magne,XV,marieangemagne,,
Cécile Muschotti,XV,cmuschotti,,
Edwige Diaz,"XVI, XVII",diaz_edwige,,
Pierre-Henri Dumont,"XV, XVI",phdumont,,
Marie-Ange Rousselot,XVII,,rousselotma,
Maxime Minot,"XV, XVI",maximeminot,,
Cyrielle Chatelain,"XVI, XVII",cyrielle_chtl,,
Matthias Tavel,"XVI, XVII",matthiastavel,,
Christophe Bentz,"XVI, XVII",bentzchristophe,,
Sébastien Delogu,"XVI, XVII",sebastiendelogu,,
Alexandre Holroyd,"XV, XVI",alexiholroyd,,
Aina Kuric,XV,ainakuric,,
Émeline K/Bidi,"XVI, XVII",,EmelineKbidi,
Ludovic Mendes,"XV, XVI, XVII",ludovicmds,,
Aly Diouara,XVII,alydiouara,,
Guillaume Kasbarian,"XV, XVI, XVII",guillaumekasba,,
Thibaut Monnier,XVII,monnierthibaut,,
Esther Baron,XIV,,,
Paul Christophle,XVII,x.com/paulchristophle,paulchristophle,
Vincent Seitlinger,XVI,vseitlinger,,
Lamia El Aaraje,XV,lamiaela,,
Frédéric Maillot,"XVI, XVII",frdric_maillot,,
Aurore Bergé,"XV, XVI, XVII",auroreberge,,
Pieyre-Alexandre Anglade,"XV, XVI, XVII",pa_anglade,,
Mathieu Lefèvre,"XVI, XVII",mathieumlefevre,,
Jonathan Gery,XVII,jonathangery_an,gery_jonathanrn,
Yoann Gillet,"XVI, XVII",yoanngillet30,,
Fabien Di Filippo,"XV, XVI, XVII",fabiendifilippo,,
Marine Brenier,"XIV, XV",marinebrenier,,
Paula Forteza,XV,paulaforteza,,
Bérangère Couillard,"XV, XVI",bcouillard33,bcouillard2017,
Romain Eskenazi,XVII,romaineskenazi,,
Constance De Pélichy,XVII,cpelichy,,
Manuel Bompard,"XVI, XVII",mbompard,,
Guillaume Chiche,XV,guillaumechiche,,
Jean-Philippe Tanguy,"XVI, XVII",jphtanguy,,
Emmanuel Blairy,"XV, XVI, XVII",blairyemmanuel,,
Aurélien Pradié,"XV, XVI, XVII",aurelienpradie,,
Thomas Mesnier,"XV, XVI",tmesnier,mesnierthomas,
Ségolène Amiot,"XVI, XVII",segoleneamiot,,
Guillaume Gouffier Valente,"XV, XVI, XVII",g_gouffierval,g_gouffiercha,
Benoit Mournet,XVI,benoitmournet,,
Delphine O,XV,odelphine,,
Christopher Weissberg,XVI,cjweissberg,,
Frédéric Falcon,"XVI, XVII",falconfrederic,,
Thomas Portes,"XVI, XVII",portes_thomas,,
Sarah Legrain,"XVI, XVII",s_legrain,slegrain75,
Marianne Maximi,"XVI, XVII",mariannemaximi,,
Steve Chailloux,XVI,steve_parakao,,
Laetitia Avia,XV,laetitiaavia,,
Benjamin Haddad,"XVI, XVII",benjaminhaddad,,
Alice Thourot,XV,alicethourot,,
Fiona Lazaar,XV,fionalazaar,,
Paul Vannier,"XVI, XVII",paulvannierfi,,
Antoine Golliot,XVII,antoine_golliot,,
Eléonore Caroit,"XVI, XVII",caroiteleonore,,
Pierrick Courbon,XVII,pierrickcourbon,,
Laurent Saint-Martin,XV,laustmartin,,
Amélie De Montchalin,XV,ademontchalin,,
Karine Lebon,"XV, XVI, XVII",karinelebon,,
Jiovanny William,"XVI, XVII",williamjiovanny,,
Julien Dive,"XIV, XV, XVI, XVII",juliendive,,
Yaël Ménaché,"XVI, XVII",yaelmenache,,
Julien Odoul,"XVI, XVII",julienodoul,,
Christelle d'Intorni,"XVI, XVII",c_dintorni,,
Stéphane Séjourné,XVII,steph_sejourne,,
Grégoire De Fournas,XVI,gdefournas,,
Mounir Belhamiti,"XV, XVI",mounirbelhamiti,,
Prisca Thevenot,"XVI, XVII",priscathevenot,,
Pacôme Rupin,XV,pacomerupin,,
Sarah Tanzilli,XVI,sarah_tanzilli,,
Zivka Park,XV,zivkapark,zivkapark2017,
Mathilde Paris,XVI,mathildeparis45,,
Lise Magnier,"XV, XVI, XVII",lise_magnier,,
Fannette Charvier,XV,f_charvier,,
François Piquemal,"XVI, XVII",frapiquemal,,
Gérault Verny,XVII,gerault_verny,,
Danièle Carteron,XVII,,,
Thibault Bazin,"XV, XVI, XVII",thibault_bazin,,
Fabien Matras,XV,famatras,fabienmatras,
Louis Margueritte,XVI,l_margueritte,,
Valéria Faure-Muntian,XV,v_faure_muntian,,
Mélanie Thomin,"XVI, XVII",mel_thomin,,
Aurélien Taché,"XV, XVI, XVII",aurelientache,,
Laurianne Rossi,XV,lauriannerossi,,
Julien Guibert,XVII,guibertrn,,
Vincent Jeanbrun,XVII,vincentjeanbrun,,
Mounir Mahjoubi,XV,mounir,,
Loïc Kervran,"XV, XVI, XVII",loickervran18,,
Benoît Bordat,XVI,bordatbenoit,,
Jean-Charles Larsonneur,"XV, XVI",jclarsonneur,,
Florian Chauche,XVI,florianchauche9,,
Christophe Naegelen,"XV, XVI, XVII",naegelenchris,c_naegelen,
Laure Miller,"XVI, XVII",laure_miller,,
Nicolas Meizonnet,"XV, XVI, XVII",nmeizonnet,,
Émilie Guerel,XV,eguerellrem,,
Alexandre Vincendet,XVI,alexvincendet,,
Alexandra Louis,XV,alouisdeputee13,alouismars,
Arnaud Sanvert,XVII,arnaudsa3,,
Anne-Laure Blin,"XV, XVI, XVII",annelaureblin,,
Benoit Simian,XV,benoitsimian,,
Carole Grandjean,"XV, XVI",cgrandjean54,cgrandjean_,
Jean-Noël Barrot,"XV, XVI, XVII",jnbarrot,,
Tristan Lahais,XVII,tlahais,,
Benjamin Saint-Huile,XVI,bsainthuile,,
Émilie Chandler,XVI,emiliechandler,,
Matthieu Bloch,XVII,matthieubloch,,
M'jid El Guerrab,XV,mjidelguerrab,,
Perceval Gaillard,"XVI, XVII",persovalgayar,,
Joachim Son-Forget,XV,sonjoachim,,
Pierre-Alain Raphan,XV,p_a_raphan,pa_raphan,
Julien Gokel,XVII,juliengokel,,
Coralie Dubost,XV,codubost,,
Jérémie Iordanoff,"XVI, XVII",iordanoff,,
Paul Midy,"XVI, XVII",midy_paul,,
Marie Le Vern,XIV,levernmarie,marie_levern,
Sonia Krimi,XV,sonia_krimi,,
Stéphane Trompille,XV,s_trompille,,
Océane Godard,XVII,o_charretgodard,,
Gérald Darmanin,"XIV, XVI, XVII",gdarmanin,,
Élise Leboucher,"XVI, XVII",leboucher_elise,,
Marjolaine Meynier-Millefert,"XV, XVI",m_meynierm,,
Brune Poirson,XV,brunepoirson,b_poirson,
Grégory Besson-Moreau,XV,gbessonmoreau,,
Julien Brugerolles,XVII,,JuBrugerolles,
Julie Laernoes,"XVI, XVII",laernoes,,
Joris Hébrard,XVI,joris_hebrard,,
Stanislas Guerini,"XV, XVI",stanguerini,,
Sébastien Peytavie,"XVI, XVII",speytavie,,
Huguette Tiegna,"XV, XVI",huguette_tiegna,huguettelrem46,
Caroline Janvier,"XV, XVI",carolinejanvier,,
Jean-Baptiste Djebbari,XV,djebbari_jb,,
Ayda Hadizadeh,XVII,aydahadi,,
Thierry Sother,XVII,thierrysother,,
Anne-Laure Babault,XVI,babaultalaure17,,
Harold Huwart,XVII,hhuwart,,
Adrien Morenas,XV,adrienmorenas,,
Francesca Pasquini,XVI,fmpasquini,,
Blandine Brocard,"XV, XVI, XVII",bbrocard,,
Thomas Lam,XVII,thomaslam92,,
Stéphanie Galzy,"XVI, XVII",galzystephanie,,
Olga Givernet,"XV, XVI, XVII",olgagivernet,,
David Valence,XVI,david_valence,,
Clément Beaune,XVI,cbeaune,,
Elsa Faucillon,"XV, XVI, XVII",elsafaucillon,,
Jocelyn Dessigny,"XVI, XVII",jocelyndessigny,,
Thomas Gassilloud,"XV, XVI, XVII",tgassilloud,,
Nicolas Ray,"XVI, XVII",nicolasray03,,
Sabrina Sebaihi,"XVI, XVII",sabrinasebaihi,,
Denis Masséglia,"XV, XVI, XVII",denis_masseglia,,
Julien Gabarron,XVII,juliengabarron,,
Nicolas Bonnet,XVII,nicolasbonnet63,nico_bonnet,
Laetitia Saint-Paul,"XV, XVI, XVII",l_saintpaul,,
Maxime Laisney,"XVI, XVII",maximelaisneyfi,,
Laëtitia Romeiro Dias,XV,romeiro1l,,
Laurent Marcangeli,"XIV, XVI, XVII",lmarcangeli,,
Sébastien Saint-Pasteur,XVII,,,
Arnaud Le Gall,"XVI, XVII",arnaud_le_gall_,arnaud_legall,
Naïma Moutchou,"XV, XVI, XVII",naimamoutchou,,
Anthony Brosse,"XVI, XVII",brosseanthony,,
Mathilde Desjonquères,XVI,mdesjonq,mathildedesjonqr,
Christelle Petex,"XV, XVI, XVII",christellepetex,,
Emmanuel Fernandes,"XVI, XVII",emmanfernandes,,
Bastien Lachaud,"XV, XVI, XVII",lachaudb,,
Franck Allisio,"XVI, XVII",franckallisio,,
Émilie Bonnivard,"XV, XVI, XVII",bonnivarde,,
Danièle Obono,"XV, XVI, XVII",deputee_obono,,
Anne Stambach-Terrenoir,"XVI, XVII",anne_stambach,,
Charlotte Leduc,XVI,charlotteleducv,,
Julien Bayou,XVI,julienbayou,,
Audrey Dufeu,XV,audreydufeu,,
Fanélie Carrey-Conte,XIV,fcarreyconte,,
Romain Daubié,"XVI, XVII",romaindaubie,,
Olivier Véran,"XIV, XV, XVI",olivierveran,,
Karim Benbrahim,XVII,benbrahim_k,,
Damien Abad,"XIV, XV, XVI",damienabad,,
Anissa Khedher,XV,anissa_khedher,,
Sira Sylla,XV,sirasylla76,,
Nadia Hai,"XV, XVI",nadiahai78,,
Aude Amadou,XV,audeamadou,,
Freddy Sertin,"XVI, XVII",sertinfreddy,,
Jean-Didier Berger,XVII,jd_berger,,
Stéphanie Do,XV,dostephanie_77,,
Davy Rimane,"XVI, XVII",davyrimane,,
Géraldine Bannier,"XV, XVI, XVII",bannier_g,,
Romain Colas,XIV,romaincolas,,
Célia De Lavergne,XV,cdlavergne,,
Henri Alfandari,"XVI, XVII",henri_alfandari,,
Aurélie Trouvé,"XVI, XVII",trouveaurelie,,
Claire Colomb-Pitollat,"XV, XVI",clairepitollat,,
Christophe Jerretie,XV,chrisjerretie,cjerretie,
Boris Tavernier,XVII,boris_tavernier,,
Virginie Duby-Muller,"XIV, XV, XVI, XVII",dubymuller,,
Céline Calvez,"XV, XVI, XVII",celinecalvez,,
Sophia Chikirou,"XVI, XVII",chikirouparis,sochik75,
Sandrine Runel,XVII,sandrinerunel,,
Peio Dufau,XVII,peioizate,peiodufau,
Alexandre Freschi,XV,avfreschi,,
Julien Borowczyk,XV,julienborowczyk,,
Maud Gatel,"XV, XVI",maudgatel,,
Florian Bachelier,XV,f_bachelier,,
Michaël Taverne,"XVI, XVII",tavernemichael,tavernemichae,
Muriel Roques-Etienne,XV,mroquesetienne,,
Razzy Hammadi,XIV,rhammadi,,
Arnaud Saint-Martin,XVII,arsaint_martin,arsaintmartin,
Benjamin Dirx,"XV, XVI, XVII",benjamindirx,,
Sébastien Denaja,XIV,sebastiendenaja,,
Jean François Mbaye,XV,jfmbaye,,
Hélène Laporte,"XVI, XVII",helenelaportern,,
Aurélien Dutremble,XVII,a_dutremble,,
Guillaume Lepers,XVII,guillaumelepers,,
Nicolas Pacquot,XVI,nicolas_pacquot,,
Stéphanie Pernod Beaudon,XIV,,PernodStephanie,
Sébastien Rome,XVI,sebrome,,
Marie Silin,XV,mariesilin,,
Olivia Grégoire,"XV, XVI, XVII",oliviagregoire,,
Fabien Gouttefarde,XV,fgouttefarde,,
Catherine Fabre,XV,cfabrean,cfabrelrem,
Mathieu Hanotin,XIV,mathieuhanotin,,
Olivier Dussopt,"XIII, XIV, XV, XVI",olivierdussopt,,
Julie Ozenne,XVII,ozennejulie,,
Estelle Youssouffa,"XVI, XVII",deputeeestelle,eyoussouffa,
Bruno Studer,"XV, XVI",brunostuder67,,
Julien Aubert,"XIV, XV",julienaubert84,,
Seybah Dagoma,XIV,seybahdagoma,,
Anna Pic,"XVI, XVII",picanna3,annapic2024,
Jean-Charles Colas-Roy,XV,jccolasroy,,
Élodie Jacquier-Laforge,"XV, XVI",elodiejala,,
Sandra Regol,"XVI, XVII",sandraregol,,
Amélia Lakrafi,"XV, XVI, XVII",amelia_lkf,,
Perrine Goulet,"XV, XVI, XVII",perrinegoulet,,
Ingrid Dordain,XVI,,IngridDordain,
Thomas Cazenave,"XVI, XVII",t_cazenave,,
Julien Ravier,XV,juravier,,
Hugues Renson,XV,huguesrenson,,
Laurent Grandguillaume,XIV,lgrandguillaume,,
Anne-Sophie Ronceret,XVII,,ASRonceret,
Benjamin Griveaux,XV,bgriveaux,,
Emmanuel Grégoire,XVII,egregoire,,
Julie Lechanteux,"XVI, XVII",jlechanteux,,
Muriel Ressiguier,XV,mressiguier,,
Hendrik Davi,"XVI, XVII",hendrik_davi,,
Marc Ferracci,"XVI, XVII",ferraccimarc,,
Sébastien Martin,XVII,sbastien_martin,,
Frédéric Mathieu,XVI,frdric_mathieu,,
Gaël Le Bohec,XV,gaellebohec,,
Émilie Chalas,XV,emiliecchalas,,
Matthias Fekl,XIV,matthiasfekl,,
Sylvia Pinel,"XIII, XIV, XV",sylviapinel,,
Pierre-Yves Bournazel,XV,pybournazel,,
Sébastien Pietrasanta,XIV,s_pietrasanta,,
David Corceiro,XV,corceirodavid,,
Charlotte Parmentier-Lecocq,"XV, XVI, XVII",lecocqcharlotte,,
Anne Grignon,XVI,anne_grignon,,
Nicolas Bays,XIV,nicolasbays,nicolasbay_,
Nicolas Dragon,"XVI, XVII",nicolasdragon,,
Thierry Robert,"XIV, XV",trobert974,,
Karim Ben Cheikh,"XVI, XVII",k_bencheikh,,
Jean Terlier,"XV, XVI, XVII",jeanterlier,,
Arnaud Bonnet,XVII,bonnetad_eelv,,
Christine Loir,"XVI, XVII",christineloirrn,,
Jennifer De Temmerman,XV,jdetemmerman,jenniferdt5915,
Jean-Baptiste Moreau,XV,moreaujb23,,
Karen Erodi,"XVI, XVII",karenerodi,,
Caroline Fiat,"XV, XVI",carolinefiat54,,
Guillaume Larrivé,"XIV, XV",glarrive,,
Marie-Pierre Rixain,"XV, XVI, XVII",rixainmp,,
Adrien Taquet,XV,adrientaquet,,
Sébastien Cazenove,XV,sebcazenove,scazenove,
Xavier Batut,"XV, XVI",xavierbatut,,
Laurent Panifous,"XVI, XVII",lpanifous,,
Christophe Premat,XIV,,prematc,
Cathy Racon-Bouzon,XV,raconcathy,,
Marie Guévenoux,"XV, XVI",mguevenoux,,
Bérangère Abba,XV,b_abba,,
Sabrina Agresti-Roubache,XVI,sabrinaroubache,,
Bruno Bilde,"XV, XVI, XVII",brunobilde,,
Caroline Abadie,"XV, XVI",abadiecaroline,,
Farida Amrani,"XVI, XVII",farida_amrani_,amranirabate17,
Paola Zanetti,XIV,,,paolazanetti57
Guillaume Peltier,XV,g_peltier,,
Alexandra Martin Gironde,XVI,alexmartin33000,,
Servane Hugues,XVI,servanehugues,,
Sébastien David,XV,,sebdavid12,
Aurélien Rousseau,XVII,aur_rousseau,,
Valérie Petit,XV,valeriepetit_em,valeriepetit_an,
Bénédicte Taurine,"XV, XVI",benedicttaurine,,
Estelle Folest,XVI,efolest,,
Alexandra Valetta Ardisson,XV,a_ardisson,,
Olivier Becht,"XV, XVI, XVII",becht_olivier,,
Arnaud Leroy,XIV,ar_leroy,,
Gwendal Rouillard,"XIII, XIV, XV",g_rouillard,,
Laure Lavalette,"XVI, XVII",laurelavalette,,
Fabien Lainé,"XV, XVI, XVII",fabien_laine,,
Christelle Dubos,XV,duboschristelle,,
Emmanuel Tjibaou,XVII,,,
Patrice Anato,XV,patrice_anato,,
Serge Muller,"XVI, XVII",serge_muller24,muller49_muller,
Yann Capet,XIV,,,Yann_Capet
Nicolas Thierry,"XVI, XVII",nthierry,,
Mickaël Cosson,"XVI, XVII",mickaelcosson22,,
Eduardo Rihan Cypel,XIV,rihan_cypel,,
François Ruffin,"XV, XVI, XVII",francois_ruffin,,
Stéphanie Atger,XV,stephanieatger,stephatger,
Yannick Monnet,"XVI, XVII",yannickmonnet3,,
Élisabeth De Maistre,XVII,emaistre,,
Sandrine Josso,"XV, XVI, XVII",sandrinejossoan,,
Nadège Abomangoli,"XVI, XVII",abomangoli,,
Christophe Arend,XV,christophearend,,
Stéphanie Kochert,XVI,stephaniekoche6,,
Yannick Moreau,XIV,yannickmoreau,,
Julie Sommaruga,XIV,juliesommaruga,,
Stéphanie Kerbarh,XV,skerbarh,,
Béatrice Bellay,XVII,beatricebellay,,
Boris Vallaud,"XV, XVI, XVII",borisvallaud,,
Didier Lemaire,"XVI, XVII",didier_lemaire_,,
Antoine Savignat,XV,antoine7595,,
Nathalie Appéré,XIV,nathalieappere,,
Pierre Dharréville,"XV, XVI",pdharreville,,
Barbara Pompili,"XIV, XV, XVI",barbarapompili,,
Anthony Cellier,XV,anthonycellier,,
Fanta Berete,XVI,fanta_b,,
Camille Galliard-Minier,"XV, XVII",galliardm,,
David Taupiac,"XVI, XVII",davidtaupiac,,
Maina Sage,"XIV, XV",mainasage,,
Arnaud Robinet,"XIII, XIV",arnaudrobinet,,
Philippe Guillemard,XVI,p_guillemard,,
Philippe Latombe,"XV, XVI, XVII",platombe,,
Laurent Wauquiez,"XII, XIII, XIV, XVII",laurentwauquiez,,
Cécile Duflot,XIV,cecileduflot,,
Alain Chrétien,XIV,alainchretien,,
Justine Benin,XV,justine_benin,,
Corinne Narassiguin,XIV,CorinneNara,,
Emmanuel Taché de la Pagerie,"XVI, XVII",,,
Géraldine Grangier,"XVI, XVII",grangierge,,
Cendra Motin,XV,,,
Laurent Croizier,"XVI, XVII",croizierlaurent,,
Arnaud Viala,"XIV, XV",arnaudviala,,
Marion Lenne,XV,marion_lenne,lennehaute,
Carlos Da Silva,"XIII, XIV",dasilvacarlos91,,
Guillaume Chevrollier,XIV,gchevrollier,,
Axelle Lemaire,XIV,axellelemaire,,
Sophie Taillé-Polian,"XVI, XVII",staillepolian,,
Idir Boumertit,"XVI, XVII",boumertitidir,altavoixboumert,
Luc Belot,XIV,lucbelot,,
Pierre Venteau,XV,pierreventeau,,
Céline Thiébault-Martinez,XVII,thiebaultceline,,
Gwenegan Bui,XIV,,GweneganB,
Stéphane Vojetta,"XV, XVI, XVII",stephanevojetta,,
Dieynaba Diop,XVII,dieynadiopsow,,
Murielle Lepvraud,"XVI, XVII",mlepvraud,upguingamp,
Guillaume Bachelay,XIV,gbachelay,,
Éric Poulliat,"XV, XVI",epoulliat,,
Florence Lasserre,"XV, XVI",,,
Karine Daniel,XIV,,KarineDaniel44,
Olivier Serva,"XV, XVI, XVII",olivier_serva,,
Romain Grau,XV,romaingrau,,
Pascal Brindeau,"XIII, XV",pascalbrindeau,,
Agnès Pannier-Runacher,XVII,agnesrunacher,,
Rachel Keke,XVI,kekerachel,,
Catherine Troallic,XIV,catroallic,,
Thomas Thévenoud,XIV,tthevenoud,,
Sandra Delannoy,XVII,sandradelannoy1,,
Sylvain Maillard,"XV, XVI, XVII",sylvainmaillard,,
Barbara Romagnan,XIV,bromagnan,,
Rodrigo Arenas,"XVI, XVII",arenasrodrigo_,,
Souad Zitouni,XV,zitounisouad3,,
Raquel Garrido,XVI,raquelgarridofr,,
Cécile Rilhac,"XV, XVI",cecile_rilhac,,
Stéphane Buchou,"XV, XVI, XVII",stephanebuchou,,
Rodrigue Kokouendo,XV,rkokouendoj,,
Catherine Osson,XV,ossoncatherine,,
Félicie Gérard,"XVI, XVII",feliciegerard,,
Franck Riester,"XIII, XIV, XV, XVI, XVII",franckriester,,
Sandra Marsaud,"XV, XVI, XVII",marsaudsandra,,
Patrice Verchère,"XIII, XIV, XV",patriceverchere,,
Valérie Oppelt,XV,valerie_oppelt,,
François De Rugy,"XIII, XIV, XV",fderugy,,
Emeric Salmon,"XVI, XVII",emericsalmon,,
Frédéric Boccaletti,"XVI, XVII",boccaletti83,,
Stella Dupont,"XV, XVI, XVII",stelladupont,,
Audrey Linkenheld,XIV,,A_Linkenheld,
Marina Ferrari,"XVI, XVII",marina_ferrari,,
Cédric Villani,XV,villanicedric,,
Joséphine Missoffe,XVII,,JoMissoffe,
Florent Boudié,"XIV, XV, XVI, XVII",florent_boudie,flboudie,
Emmanuelle Fontaine-Domeizel,XV,fontaindomeizel,,
Alexis Bachelay,XIV,alexisbachelay,,
Annick Cousin,XVI,annickcousin_rn,,
Stéphanie Rist,"XV, XVI, XVII",stephanie_rist,,
David Comet,XIV,,,
Édouard Courtial,"XII, XIII, XIV",edouardcourtial,,
Éric Elkouby,XIV,,,
Estelle Grelier,XIV,estellegrelier,,
Aurélie Filippetti,"XIII, XIV",aurelifil,,
Anne-Cécile Violland,"XVI, XVII",annececilevio,,
Laurent Alexandre,"XVI, XVII",laualexandre12,,
Nathalie Elimas,XV,avyelimas,,
Damien Girard,XVII,thedamieng,,
Clémentine Autain,"XV, XVI, XVII",clem_autain,,
Frédéric Weber,XVII,weberfrederic1,,
Nathalie Kosciusko-Morizet,"XII, XIII, XIV",nk_m,,
Emmanuel Maurel,XVII,emmanuelmaurel,,
Annaïg Le Meur,"XV, XVI, XVII",annaiglemeur_29,annaiglemeur_an,
Christophe Marion,"XVI, XVII",mariondepute41,cths_marion_dg,
Valérie Rabault,"XIV, XV, XVI",valerie_rabault,,
Sébastien Chenu,"XV, XVI, XVII",sebchenu,,
Fabrice Roussel,XVII,rousselfabrice,,
Raphaël Gauvain,XV,gauvain_raphael,raphaelgauvain,
Christophe Blanchet,"XV, XVI, XVII",christoblanchet,,
Delphine Batho,"XIII, XIV, XV, XVI, XVII",delphinebatho,,
Jean-Félix Acquaviva,"XV, XVI",jf_acquaviva,,
Karine Berger,XIV,karine_berger,,
Frank Giletti,"XVI, XVII",frankgiletti,,
Nathalie Porte,XV,nathporte,,
Grégory Galbadon,XV,,GregoryGalbadon,
Johnny Hajjar,XVI,johnnyhajjarmq,deputehajjar,
Estelle Mercier,XVII,estellemercier2,,
Jérôme Buisson,"XVI, XVII",jerome_buisson,,
Nathalie Chabanne,XIV,chabanne_nat,,
Florence Herouin-Léautey,XVII,fleautey,,
Xavier Paluszkiewicz,XV,xavierpalu2022,xavierpalu2017,
Matthieu Orphelin,XV,m_orphelin,,
Sophie Beaudouin-Hubiere,XV,beaudouinso,,
François Cormier-Bouligeon,"XV, XVI, XVII",fcbdeputeducher,,
Delphine Lingemann,"XVI, XVII",delphlingemann,,
Lionel Royer-Perreaut,XVI,royerperreaut,lionelrp2020,
Saïd Ahamada,XV,saidahamada,,
Jean-Paul Tuaiva,XIV,,JPTUAIVA,
Frédéric Zgainski,XVI,fz_cestas,,
Sandrine Nosbé,XVII,snosbe,,
Cédric Roussel,XV,cedricroussel06,,
Stéphane Delautrette,"XVI, XVII",sdelautrette,,
Hélène Zannier,XV,helenezannier,,
Violette Spillebout,"XVI, XVII",vspillebout,vspilleboutsncf,
Christian Assaf,XIV,assaf2012,,
Jérôme Nury,"XV, XVI, XVII",jeromenury,,
Rémi Chaintron,XIII,,,
Jérôme Legavre,"XVI, XVII",legavrejerome,,
Mickaël Bouloux,"XVI, XVII",mickaelbouloux,,
Bénédicte Auzanot,"XVI, XVII",beneauzanot,,
Erwann Binet,XIV,erwannbinet,,
Nicolas Turquois,"XV, XVI, XVII",turquoisnicolas,enmarche8604,
Nicolas Démoulin,XV,demoulinem,,
Sébastien Nadot,XV,sebastien_nadot,,
Nicole Sanquer,"XV, XVII",nicole_sanquer,,
David Magnier,XVII,magnierdavid2,,
Pierre Cordier,"XV, XVI, XVII",cordierpierre08,,
Vincent Thiébaut,"XV, XVI, XVII",vincentthiebaut,,
Philippe Chassaing,XV,chassaingph,,
Élisa Martin,"XVI, XVII",elisamartingre,,
Sereine Mauborgne,XV,sereineenmarche,,
Léo Walter,XVI,leowalter04,,
Barbara Bessot Ballot,XV,b_bessotballot,,
Pouria Amirshahi,"XIV, XVII",pouriaamirshahi,,
Olivier Falorni,"XIV, XV, XVI, XVII",olivierfalorni,,
Sandrine Rousseau,"XVI, XVII",sandrousseau,,
Laurence Trastour-Isnart,XV,trastourisnart,trastour2017,
Régis Juanico,"XIII, XIV, XV",juanico,,
Philippe Schreck,"XVI, XVII",ph_schreck,,
Jérôme Guedj,"XIII, XIV, XVI, XVII",jeromeguedj,,
David Vergé,XIV,,,
Sylvain Templier,XV,sylv1templier,,
Mikaele Seo,"XVI, XVII",mikaeleseo,,
Emeric Bréhier,XIV,,,
Remi Provendier,XVII,,remiprovendier,
Sébastien Jumel,"XV, XVI",sebastienjumel,,
Aymeric Caron,"XVI, XVII",caronaymericoff,,
Valérie Rosso-Debord,XIII,DebordValerie,,
Maud Petit,"XV, XVI, XVII",maudpetit_an94,,
Joseph Rivière,XVII,rivirejoseph1,,
Émilie Cariou,XV,emiliecariou,,
Isabelle Périgault,XVI,isabelleperiga2,isabelleperiga1,
Carole Delga,XIV,caroledelga,,
Thierry Solère,"XIV, XV",solere92,,
Astrid Panosyan-Bouvet,"XVI, XVII",astridpanosyan,,
Samantha Cazebonne,XV,scazebonne,,
Fabienne Colboc,"XV, XVI",fabiennecolboc,,
Patrick Mignola,XV,patrickmignola,,
Sophie Pantel,XVII,sophiepantel48,,
José Beaurain,"XVI, XVII",beaurainjose,josebeaurain,
Sophie Errante,"XIV, XV, XVI, XVII",sophieerrante,,
Emmanuel Lacresse,XVI,e_lacresse,,
Albane Gaillot,XV,albanegaillot,,
Alexandra Masson,"XVI, XVII",a_masson06,,
Danielle Simonnet,"XVI, XVII",simonnetdeputee,simonnet2,
Emmanuelle Ajon,XIII,EmmanuelleAjon,,
Luc Carvounas,XV,luccarvounas,,
Alain Perea,XV,pereaalain,,
Fatiha Keloua Hachi,"XVI, XVII",kelouaf,,
Bénédicte Pételle,XV,deputeebpetelle,,
Brahim Hammouche,XV,bhammouche5708,,
Abdelkader Lahmar,XVII,ak_lahmar,,
Manuéla Kéclard-Mondésir,XV,keclardmanuela,,
Lionel Causse,"XV, XVI, XVII",deputecausse,,
Arnaud Richard,"XIII, XIV",arnaudrichard_,,
Anne-Sophie Frigout,XVI,asfrigout,,
Sophie Delorme Duret,XVII,,sdelormeduret,
Anchya Bamana,XVII,anchyab,abamanadeputee,
Erwan Balanant,"XV, XVI, XVII",erwanbalanant,,
Paul Christophe,"XV, XVI, XVII",christophe_p,,
Olivier Marleix,"XIV, XV, XVI, XVII",oliviermarleix,,
Christophe Léonard,XIV,ch_leonard,,
Thomas Rudigoz,"XV, XVI",trudigoz,,
Marc Fesneau,"XV, XVI, XVII",mfesneau,,
Pascale Boistard,XIV,pascaleboistard,,
Séverine Gipson,XV,severine_gipson,,
Anne Grommerch,"XIII, XIV",annegrommerch,,
Katiana Levavasseur,"XVI, XVII",levavasseurk,,
Yaël Braun-Pivet,"XV, XVI, XVII",yaelbraunpivet,,
Edouard Philippe,"XIII, XIV",ephilippe_lh,ephilippepm,
Anne Brugnera,"XV, XVI",annebrugnera,,
Laurent Leclercq,XVI,,,
Sandrine Dogor-Such,"XVI, XVII",sandrine_dogor,,
Hervé Saulignac,"XV, XVI, XVII",hsaulignac,,
Christelle Minard,XVII,,,
Jean-François Cesarini,XV,jfcesarini,,
Sabine Buis,XIV,BuisSabine,,
Mereana Reid Arbelot,"XVI, XVII",MereanaReidArb,,
Emmanuel Pellerin,XVI,emmanuelpeller1,,
Didier Baichère,XV,dbaichere,,
Éric Pauget,"XV, XVI, XVII",ericpauget1,,
Eva Sas,"XIV, XVI, XVII",_evasas,evasasan,
Élise Fajgeles,XV,elisefajgeles,,
Ségolène Neuville,XIV,s_neuville,,
Fabrice Barusseau,XVII,fbarusseau,,
Laurent Garcia,XV,garcialaxou,,
Thierry Liger,XVII,,,
Bertrand Bouyx,"XV, XVI, XVII",bertrandbouyx,,
Laurence Arribagé,XIV,larribage,,
Sergio Coronado,XIV,sergiocoronado,coronado2017fr,
Yannick Kerlogot,XV,kerlogot22,ykerlogot,
Laurence Vanceunebrock,XV,laurencevanceu,,
Florence Morlighem,XV,fmorlighem,,
Sébastien Leclerc,XV,sebleclerc14,,
Hélène Geoffroy,XIV,helenegeoffroy,,
Anne-Lise Dufour-Tonini,XIV,,al_dufourtonini,
Christophe Cavard,XIV,ccavard,,
Salvatore Castiglione,XVII,,Castiglione_sc,
Anne-Laurence Petel,"XV, XVI",al_petel,,
Steevy Gustave,XVII,steevygustave,,
Vincent Rolland,"XII, XV, XVI, XVII",vrolland73,,
Xavier Albertini,"XVI, XVII",xavieralbertini,,
Marie-José Allemand,XVII,allemand_jose,,
Xavier Roseren,"XV, XVI, XVII",xavierroseren,,
Delphine Bagarry,XV,dbagarry,,
Sylvie Bonnet,"XVI, XVII",sylviebonnet_42,,
Sophie Ricourt Vaginay,XVII,sophievaginay,,
Jean-Noël Carpentier,XIV,,carpentierjn,
Jean-Luc Fugit,"XV, XVI, XVII",jean_lucfugit,,
Benoist Apparu,"XIII, XIV",benoistapparu,,
Isabelle Attard,XIV,,,TeamIsaAttard
Guillaume Bigot,XVII,guillaume_bigot,,
Robert Le Bourgeois,XVII,lebourgeois7610,,
Olivier Ferrand,XIV,,O_Ferrand,
Véronique Riotton,"XV, XVI, XVII",v_riotton,,
Valérie Bazin-Malgras,"XV, XVI, XVII",vbazinmalgras,,
Sébastien Huyghe,"XII, XIII, XIV, XV, XVII",sebastienhuyghe,,
Jean-Pierre Vigier,"XIV, XV, XVI, XVII",j_pvigier,,
Moetai Brotherson,"XV, XVI",moetai1,,
Martial Saddier,"XII, XIII, XIV, XV",martialsaddier,,
Stéphane Viry,"XV, XVI, XVII",virystephane,,
Laurent Jacobelli,"XVI, XVII",ljacobelli,,
Stéphane Travert,"XIV, XV, XVI, XVII",sttravert,stravert,
Louis Aliot,XV,louis_aliot,,
Fabrice Le Vigoureux,"XV, XVI",levigoureuxf,,
Jean-Marc Tellier,XVI,jeanmarctellier,,
Loïc Prud'Homme,"XV, XVI, XVII",prudhommeloic,prudhomme2017,
Anne Le Hénanff,"XVI, XVII",alehenanff,,
Valérie Gomez-Bassac,XV,vgb83,,
Belkhir Belhaddad,"XV, XVI, XVII",b_belhaddad,,
Jean-Louis Thiériot,"XV, XVI, XVII",jl_thieriot,jlthieriot,
Philippe Fait,"XVI, XVII",philippefait22,jeanmarctellier,
Hervé De Lépinau,"XVI, XVII",hdelepinau,h2lepinau,
Frédéric Roig,XIV,,,
Philippe Meyer,XV,,maverickdoha,
Mathilde Feld,XVII,mathildefeld,,
Fabien Roussel,"XV, XVI",fabien_roussel,,
Bruno Le Maire,"XIII, XIV, XV",brunolemaire,,
Mustapha Laabid,XV,mustapha_laabid,,
Karl Olive,"XVI, XVII",karlolive,,
Nathalie Nieson,XIV,nnieson,,
Stéphane Mazars,"XV, XVI, XVII",s_mazars,,
Christophe Lejeune,XV,lejeune_ch,,
Yannick Neuder,"XVI, XVII",yannickneuder,,
Philippe Michel-Kleisbauer,XV,philippemichelk,,
Christophe Bouillon,"XIII, XIV, XV",chris_bouillon,,
David Douillet,"XIII, XIV",ddouillet,,
Philippe Frei,XVI,phfrei,,
Fabrice Verdier,XIV,f_verdier,,
Sophie Panonacle,"XV, XVI, XVII",sopanonacle,spanonacle,
Frédéric Cuvillier,"XIII, XIV",fcuvillier,,
Agnès Firmin le Bodo,"XV, XVI, XVII",agnesfirmin,,
Laurence Heydel Grillere,XVI,lheydelgrillere,,
Jean-François Lovisolo,XVI,jf_lovisolo,jflovisolo,
Véronique Hammerer,XV,verolouwagie,v_hammerer,
François-Xavier Ceccoli,XVII,fxceccoli,,
Alexandra Martin,"XVI, XVII",martinalex06,alexmartin33000,
Raphaël Gérard,"XV, XVI",raphaelgerard17,,
"Laurent, Emile, Michel Hénart","XII, XIII",LaurentHenart,,
Anne Bergantz,"XVI, XVII",annebergantz,,
Catherine Rimbert,XVII,cathrimbert84,,
Romain Joron,XIV,,RomainJoron,
Lionel Vuibert,"XVI, XVII",lionelvuibert,,
Sylvie Josserand,XVII,sjosserand30,,
Olivier Faure,"XIV, XV, XVI, XVII",faureolivier,,
Nathalie Serre,"XV, XVI",nathalieserre,,
Alexis Corbière,"XV, XVI, XVII",alexiscorbiere,,
Emmanuelle Ménard,"XV, XVI",emenard34,,
Caroline Yadan,"XVI, XVII",carolineyadan,,
Isabelle Rauch,"XV, XVI, XVII",isabellerauch,isabelle_rauch,
Sandrine Hurel,"XIII, XIV",sandrinehurel,,
Marine Le Pen,"XV, XVI, XVII",mlp_officiel,,
Grégory Labille,XV,,,
Dominique Da Silva,"XV, XVI",ddasilva95,ddasilva_lrem,
Marc Chavent,XVII,marc_chavent,,
Nicolas Sansu,"XIV, XVI, XVII",nicolassansu,,
Philippe Le Ray,XIV,philippeleray56,,
Agnès Carel,XVI,agnescarel76,,
Michèle Martinez,"XVI, XVII",michlemartinez3,,
Emmanuel Maquet,"XV, XVI",emmanuel_maquet,,
Gilles d'Ettore,XIII,,GillesDETTORE,
Arnaud Simion,XVII,arnosimion,,
Stéphane Testé,XV,stephane_teste,stephaneteste,
Éric Martineau,"XVI, XVII",ericmartineau72,emericmartineau,
Sylvain Berrios,"XIV, XVII",sy_berrios,,
Virginie Lanlo,XVI,lanlovirginie,,
Jean-Michel Brard,XVII,jeanmichelbrar1,,
Fabrice Brun,"XV, XVI, XVII",fabricebrun,,
Olivier Fayssat,XVII,olivierfayssat,,
Richard Ramos,"XV, XVI, XVII",_richardramos,,
Chaynesse Khirouni,XIV,,,
Charles Fournier,"XVI, XVII",cfourniereelv,,
Jean-Michel Jacques,"XV, XVI, XVII",j_m_jacques,,
Sophie Blanc,"XVI, XVII",sblanc66000,,
Philippe Huppé,XV,philippehuppe,,
Nathalie Bassire,"XV, XVI",nathaliebassire,,
Valérie Thomas,XV,vthomas_63,,
Philippe Dunoyer,"XV, XVI",dunoyerphilippe,,
Daniel Gibbes,XIV,dgibbs978,,
Lisette Pollet,"XVI, XVII",lisettepollet,,
Sylvain Waserman,XV,sylvainwaserman,,
Christophe Plassard,"XVI, XVII",cplassard,,
Isabelle Muller-Quoy,XV,imullerquoy,,
Laurence Cristol,XVI,laurencecristol,,
Annie Chapelier,XV,chapelierannie,,
Sylvie Ferrer,"XVI, XVII",ferrersylvie11,,
Isabelle Mesnard,XVII,,,
Jean-Christophe Lagarde,"XII, XIII, XIV, XV",jclagarde,,
Marc Joulaud,"XII, XIII",MarcJoulaud,,
Michèle Crouzet,XV,michelecrouzet,,
Pascal Lavergne,"XV, XVI",pasclavergne,pascallavergne_,
Patricia Mirallès,"XV, XVI",mirallesmp,,
Pierre Vatin,"XV, XVI",pierrevatinoff,,
Jean Jacques Vlody,XIV,jvlody,,
Aude Luquet,"XV, XVI",audeluquet77,audeluquet,
Paul-André Colombani,"XV, XVI, XVII",pacolombani,,
Isabelle Florennes,XV,iflorennes92,,
Jean-Michel Mis,XV,jeanmichelmis,,
Benoit Potterie,XV,benoitpotterie,,
François André,"XIV, XV",francoisandre35,,
Valérie Pecresse,"XII, XIII, XIV",vpecresse,,
Marine Hamelet,"XVI, XVII",marine_hamelet,,
Claire Mallejac,XIV,,ClaireMallejac,
Benoît Hamon,XIV,benoithamon,,
Jean-Hugues Ratenon,"XV, XVI, XVII",deputeratenon,jhratenon,
Guillaume Vuilletet,"XV, XVI",g_vuilletet,,
Jean-Jacques Ferrara,XV,jjferrarafb,,
Anne Sicard,XVII,annesicard1,,
Claire Guichard,XVI,guichard_claire,,
Valérie Corre,XIV,valerie_corre,,
Gabriel Amard,"XVI, XVII",gabrielamard,,
Jean-David Ciot,XIV,jdciot,,
Ericka Bareigts,"XIV, XV",ebareigts,,
Frédéric Descrozaille,"XV, XVI",fdescrozaille,,
Benoît Biteau,XVII,benoitbiteau,,
Laurence Maillart-Méhaignerie,"XV, XVI",lmaillart,,
Vincent Feltesse,XIV,vincentfeltesse,,
Christophe Euzet,XV,christopheeuzet,,
Marie-Agnès Poussier-Winsback,"XVI, XVII",mapoussier,,
Philippe Bolo,"XV, XVI, XVII",phbolo,,
Michel Havard,XIII,MichelHavard,,
Liliana Tanguy,"XV, XVI, XVII",lilianatanguy,,
Bernadette Laclais,XIV,,LACLAIS2017,
Buon Tan,XV,buontan,,
Olivier Gaillard,XV,olivegaillard30,gaillard2017,
Pascal Popelin,XIV,pascalpopelin,,
Christophe Leclercq,XV,,,
Corinne Erhel,"XIII, XIV",c_erhel_deputee,,
Jean-Claude Raux,"XVI, XVII",jeanclauderaux,,
Pascale Cesar,XV,,,
Bruno Questel,XV,bquestel,,
Sandrine Mazetier,"XIII, XIV",s_mazetier,,
Pascal Jenft,XVII,,PascalJenft,
Roland Lescure,"XV, XVI, XVII",rolandlescure,,
Thierry Perez,XVII,thierryperez43,,
Laurent Pietraszewski,XV,pietraszewski_l,,
Jérôme Chartier,"XII, XIII, XIV",jechartier,jeromechartier,
Cécile Dumoulin,XIII,,DumoulinCecile,
Luc Geismar,"XV, XVI",geismarluc,,
Philippe Gosselin,"XIII, XIV, XV, XVI, XVII",phgosselin,,
Éric Bothorel,"XIV, XV, XVI, XVII",ebothorel,,
Béatrice Bellamy,"XVI, XVII",beabellamy85,,
Isabelle Le Callennec,XIV,ilecallennec,lecallennec,
Christophe Barthès,"XVI, XVII",bartheschristop,,
Frédéric Cabrolier,XVI,fr_cabrolier,cabrolier1,
Thierry Benoit,"XIII, XIV, XV, XVI, XVII",thierrybenoit35,th_benoit35,
Frédérique Lardet,XV,f_lardet,,
Pascal Cherki,XIV,pascalcherki,,
François-Michel Lambert,"XIV, XV",fm_lambert,,
Frédéric Valletoux,"XVI, XVII",fredvalletoux,,
Michel Larive,XV,michel_larive,,
Philippe Lottiaux,"XVI, XVII",phlottiaux,,
Christophe Sirugue,"XIII, XIV",chsirugue,,
Olivier Damaisin,XV,olivierdam1,,
Emmanuel Fouquart,XVII,e_fouquart,,
Anne Blanc,XV,anneblanc_12,,
Nicolas Perruchot,"XII, XIII",,NicoLoiretcher,
Vincent Ledoux,"XIV, XV, XVI, XVII",vincentledoux59,,
Jean-Marc Germain,XIV,jmgermain,,
Lionel Tardy,"XIII, XIV",deputetardy,,
Pascal Thévenot,XIV,PascalThevenot,,
Marie-Hélène Thoraval,XIII,MH_Thoraval,,
Christophe Proença,XVII,chproenca,,
Guillaume Garot,"XIII, XIV, XV, XVI, XVII",guillaumegarot,,
Christine Decodts,XVI,christinedecod1,,
Philip Cordery,XIV,philipcordery,,
Loïc Dombreval,XV,loicdombreval,,
Jean-François Coulomme,"XVI, XVII",jfcoulomme,,
Nathalie Da Conceicao Carvalho,"XVI, XVII",nathcarvalho91,natalie9106,
Rémy Rebeyrotte,"XV, XVI",rrebeyrotte,,
Isabelle Bruneau,XIV,isabellebrunea1,,
François Jolivet,"XV, XVI, XVII",fjolivet36,,
Philippe Meunier,"XIII, XIV",meunierph,meunier_ph,
Jean-Carles Grelier,"XV, XVI, XVII",jcgrelier,,
Yann Galut,XIV,yanngalut,,
Jean-Claude Flory,"XII, XIII",,,jc_flory
Hubert Julien-Laferrière,"XV, XVI",hub_laferriere,,
Michel Zumkeller,"XII, XIII, XIV, XV",michelzumkeller,,
David Guerin,XVII,,,
Christophe Castaner,"XIV, XV",ccastaner,,
Caroline Parmentier,"XVI, XVII",parmentier_rn,parmentiercaro7,
"Philippe, Lucien, Marie Morenvillier",XIII,,PMorenvillier,
Patrice Prat,XIV,patriceprat,,
Didier Padey,"XVI, XVII",,,
Valérie Lacroute,"XIV, XV",vlacroute,,
Florence Provendier,XV,flprovendier,,
Yves Hemedinger,XV,yveshemedinger,,
Jean-Luc Warsmann,"XII, XIII, XIV, XV, XVI, XVII",warsmann,,
Franck Reynier,"XIII, XIV",franckreynier,,
Jean-François Portarrieu,"XV, XVI, XVII",jfportarrieu,,
Pascale Boyer,"XV, XVI",pascaleboyerem,pascaleboyer05,
Éric Ciotti,"XIII, XIV, XV, XVI, XVII",eciotti,,
Laurence Gayte,XV,laurencegayte,,
Isabelle Santiago,"XV, XVI, XVII",isasantiago_94,,
Laurent Degallaix,XIV,laudegallaix,,
Danièle Cazarian,XV,,,
Béatrice Piron,"XV, XVI, XVII",beatricepiron,,
Daniel Goldberg,"XIII, XIV",goldbergdaniel,,
Laurent Mazaury,XVII,laurentmazaury,,
Laurent Baumel,"XIV, XVII",laurentbaumel,,
Carole Bureau-Bonnard,XV,carolebbonnard,,
Éric Diard,"XII, XIII, XV",diarderic,,
Didier Le Gac,"XV, XVI, XVII",didierlegac,,
Stéphane Hablot,XVII,stephanehablot,,
Florence Joubert,XVII,flo_joubert,,
Emmanuel Mandon,"XVI, XVII",emmanuelmandon,avecmandon2022,
François Baroin,"XII, XIII, XIV",francoisbaroin,,
Xavier Lacombe,XVII,,XavLacombe,
Hugues Fourage,XIV,huguesfourage,,
Laurent Furst,"XIV, XV",,,
Jean-Philippe Nilor,"XIV, XV, XVI, XVII",philippenilor,,
Zahia Hamdane,XVII,zahiahamdane,,
Bertrand Sorre,"XV, XVI, XVII",bertrandsorre,sorre_depute,
Nathalie Colin-Oesterlé,XVII,ncolin_oesterle,,
Bruno Le Roux,"XII, XIII, XIV",brunoleroux,,
Stéphane Baudu,XV,baudu_stephane,,
Xavier Bertrand,"XII, XIII, XIV",xavierbertrand,,
Marie-Christine Verdier-Jouclas,XV,verdierjouclas,,
Marie Récalde,"XIV, XVII",marierecalde,,
Laure De la Raudière,"XIII, XIV, XV",lauredlr,,
Ibrahim Aboubacar,XIV,,I_Aboubacar,
Bernard Chaix,XVII,bernardchaix,,
Marietta Karamanli,"XIII, XIV, XV, XVI, XVII",mkaramanli72,karamanli72,
Emmanuelle Hoffman,XVII,EmmanHoffman,,
Marie-France Lorho,"XV, XVI, XVII",francelorho,,
Damien Meslot,"XII, XIII, XIV",Dmeslot,,
Pierre-Yves Le Borgn',XIV,pyleborgn,,
Christine Le Nabour,"XV, XVI, XVII",chrislenabour,chriscloarec,
Malek Boutih,XIV,MalekBoutih,,
Pascal Terrasse,"XII, XIII, XIV",pterrasse,,
Manuel Aeschlimann,"XII, XIII",maeschlimann,,
David Lorion,XV,david_lorion,,
Monique Orphé,XIV,moniqueorphe,,
Christine Pirès Beaune,"XIV, XV, XVI, XVII",cpiresbeaune,,
Franck Marlin,"XII, XIII, XIV, XV",franckmarlin,,
Béatrice Santais,XIV,,,
Sylvain Brial,XV,sylvainbrial,,
Bertrand Petit,XVI,,Bertrand_Petit_,
Éric Straumann,"XIII, XIV, XV",ericstraumann,,
Luc Chatel,"XII, XIII, XIV",lucchatel,,
Stéphane Lenormand,"XVI, XVII",stphanelenorma1,,
Jean-Bernard Sempastous,XV,sempastoushp,,
Philippe Benassaya,XV,philipbenassaya,,
Annick Girardin,"XIII, XIV, XV",annickgirardin,,
Christophe Di Pompeo,XV,dipompeochrist,,
Patrick Hetzel,"XIV, XV, XVI, XVII",patrickhetzel,,
Emmanuelle Anthoine,"XV, XVI",eanthoine26,,
Napole Polutele,"XIV, XV",,,
Stéphane Claireaux,"XIV, XV",sclaireaux,,
Jean-Marie Fiévet,"XV, XVI, XVII",jeanmariefievet,,
Hubert Ott,"XVI, XVII",hubertottalsace,,
Valérie Rossi,XVII,valerierossi05,,
Agnès Thill,XV,thillagnes,,
Stéphane Saint-André,XIV,stephane_sta,andrsaint,
Eric Berdoati,XIII,ericberdoati,,
Jean-François Copé,"XII, XIII, XIV",jf_cope,,
Denis Bernaert,XVI,denisbernaert,,
Didier Robert,XIII,,didier__robert,
Sylviane Bulteau,XIV,sylvianebulteau,,
Jean-Claude Perez,"XII, XIII, XIV",,,
Martine Wonner,XV,martinewonner,,
Cécile Delpirou,XV,c_delpirou,,
Dominique Potier,"XIV, XV, XVI, XVII",potierdominique,,
Soumya Bourouaha,"XVI, XVII",s_bourouaha,,
Françoise Ballet-Blu,XV,fballetblu,balletblu,
Jean-Philippe Ardouin,"XV, XVI",jean_ardouin,,
Didier Parakian,XVI,Dparakian,,
Patrice Perrot,"XV, XVI",,,
Sylvie Dezarnaud,XVII,,DezarnaudS,
Jacques Houssin,"XII, XIII",,jhoussin,
Michèle De Vaucouleurs,XV,mdevaucouleurs,,
Catherine Beaubatie,XIV,,,
Yves Censi,"XII, XIII, XIV",,YvesCensi,
Alain Leboeuf,XIV,a_leboeuf,,
Philippe Juvin,"XVI, XVII",philippejuvin,,
Thierry Braillard,XIV,th_braillard,,
Laurence Robert-Dehault,"XVI, XVII",lrdehault,ldehault,
Philippe Bies,XIV,philippebies,,
Frédérique Massat,"XIII, XIV",fmassat09,,
Philippe Chalumeau,XV,chalumeau_p,,
Nadine Morano,"XII, XIII",nadine__morano,,
Jean-Philippe Mallé,XIV,jpmmalle,,
Jean-Pierre Bataille,XVII,,,
Mireille Clapot,"XV, XVI",clapotmireille,,
Frédéric Lefebvre,"XIII, XIV",flefebvre_rf,,
Claudia Rouaux,"XV, XVI, XVII",claudia_rouaux,,
Patrice Martin,XVII,PatriceMartinRN,,
Joël Bruneau,XVII,joelbruneau,,
Patrick Lebreton,"XIII, XIV",,lebreton2014,
Christophe Borgel,XIV,chborgel,,
Jean-Louis Costes,XIV,jeanlouiscostes,,
Sophie Auconie,XV,sophie_auconie,,
Véronique Besse,"XII, XIII, XIV, XVI, XVII",veroniquebesse,,
Lysiane Métayer,XVI,lysiane_metayer,,
Monique Lubin,XIV,,,
Philippe Folliot,"XII, XIII, XIV, XV",philippefolliot,,
Jean-Jacques Gaultier,"XII, XIII, XV, XVI",jj_gaultier,,
Gilles Lurton,"XIV, XV",gilleslurton,,
Eric Husson,XVI,,,
Nicole Trisse,XV,nicoletrisse,,
Stéphane Demilly,"XII, XIII, XIV, XV",,,
Corinne Vignon,"XV, XVI, XVII",corinnevignon,vignon2022,
Andrée Taurinya,"XVI, XVII",andreetaurinya,taurinyaa,
Bernard Cazeneuve,"XIII, XIV",bcazeneuve,,
Roger Vicot,"XVI, XVII",rvicot,vicot2017,
Frédérique Dumas,XV,dumasfrederique,,
Catherine Daufès-Roux,XV,,DaufesR,
Anne Genetet,"XV, XVI, XVII",agenetet,,
Laurent Lhardit,XVII,laurentlhardit,,
Nadine Lechon,XVII,nadinelechon,lechonnadine,
Jean-Luc Bourgeaux,"XV, XVI, XVII",,,
"Guy, Georges, Camille Lefrand","XIII, XIV",,,
Frédéric-Pierre Vos,XVII,fredericvo79738,,
Valérie Beauvais,XV,beauvais2017,vabeauv,
Yves Nicolin,"XII, XIII, XIV",,,
Dominique David,XV,dominiquedavid_,,
Antoine Herth,"XII, XIII, XIV, XV",antoineherth,,
Philippe Pradal,XVI,p_pradal,avecpradal2022,
Jean-Frédéric Poisson,"XIII, XIV",jfpoisson78,,
Daniel Fasquelle,"XIII, XIV, XV",dfasquelle,,
Valérie Six,XV,six_valerie,,
Christophe Mongardien,XVII,mongardien_c,,
Vincent Descoeur,"XIII, XV, XVI, XVII",vincentdescoeur,,
Xavier Breton,"XIII, XIV, XV, XVI, XVII",bretonxavier,,
Marcellin Nadeau,"XVI, XVII",marcellinnadeau,,
Arnaud Montebourg,"XII, XIII",montebourg,,
François Vannson,"XII, XIII, XIV",fvannson,,
Michèle Tabarot,"XII, XIII, XIV, XV, XVI, XVII",mtabarot,,
Jean-Marie Beffara,"XIII, XIV",jmbeffara,,
Valérie Létard,XVII,valerieletard,,
Sylvie Tolmont,"XIV, XV",sylvietolmont,ylvietolmont,
Alain Fauré,XIV,,,Afaure09
Marie Tamarelle-Verhaeghe,XV,marietamarelle,mtamverhaeghe,
René Pilato,"XVI, XVII",pilatorene,,
Jean-Christophe Fromantin,XIV,jcfromantin,,
Sophie Rohfritsch,XIV,Srohfritsch,,
Claude Sturni,XIV,,claudesturni,
Laurent Esquenet-Goxes,XVI,laurentesquenet,,
Manuel Valls,"XII, XIII, XIV, XV",manuelvalls,,
Françoise Guégot,"XIII, XIV",fguegot,,
Aude Bono-Vandorme,XV,audebono,,
François Pupponi,"XIII, XIV, XV",fpupponi,,
Stéphane Peu,"XV, XVI, XVII",stephane1peu,,
Linda Gourjade,XIV,linda_gourjade,,
Yannick Trigance,XIV,yannicktrigance,,
Michel Pouzol,XIV,michelpouzol,,
Richard Ferrand,"XIV, XV",richardferrand,,
Clotilde Valter,XIV,clotildevalter,,
Christian Baptiste,"XVI, XVII",chrisbapt,,
Anne-France Brunet,XV,afbrunet_4403,nnefrancebrunet,
Valérie Boyer,"XIII, XIV, XV",valerieboyer13,,
Sophie Primas,XIII,sophieprimas,,
Jean-Louis Roumégas,"XIV, XVII",jlroumegas,,
Denis Baupin,XIV,denis_baupin,,
Pascale Fontenel-Personne,XV,f_personne,,
Paul Molac,"XIV, XV, XVI, XVII",paul_molac,,
Florence Granjus,XV,fgranjus,,
Jimmy Pahun,"XV, XVI, XVII",jimmypahun,,
Luc Lamirault,"XV, XVI",lamiraultluc,lauredlr,
Jean-Victor Castor,"XVI, XVII",castorjeanvict1,jvcastorguyane,
Nathalie Sarles,XV,,,NathSarles
Catherine Jaouen,XVI,C_Jaouen_84,,
Jacques Maire,XV,jmaireofficiel,,
Marie-Anne Chapdelaine,XIV,ma_chapdelaine,,
Jean-Pierre Taite,"XVI, XVII",jpierre_taite,,
Mireille Robert,XV,mrobert_11,,
Fadila Khattabi,"XV, XVI",fadila_khattabi,khattabif,
Éric Girardin,"XV, XVI",girardineric,,
Jean-Patrick Gille,"XIII, XIV",jp_gille,,
Isabelle Valentin,"XV, XVI",isavalentin43,,
Patricia Lemoine,"XV, XVI",p_lemoine,,
Sylvie Andrieux,"XII, XIII, XIV",,,andrieux_sylvie
Ary Chalus,XIV,achalus971,achalus971,
Francis Dubois,XVI,duboisfrancis19,,
Christophe Bex,"XVI, XVII",christophebex,,
Philippe Baumel,XIV,philippebaumel,,
Sandrine Mörch,XV,sandrinemorch,,
Louis Mussington,XIII,,,
Pascale Bordes,"XVI, XVII",bordesavocat,bordespascale1,
Éric Jalton,"XII, XIII, XIV",ericjalton,,
Franck Montaugé,XIV,FranckMontauge,,
Michel Grall,XIII,,MichelGrall,
Pascale Martin,XVI,pascalemartin24,,
Hervé Morin,"XII, XIII, XIV",herve_morin,,
Anne-Christine Lang,"XIV, XV",achristine_lang,,
Bruno Sandras,XIII,,,
Michèle Peyron,"XV, XVI",michelepeyron,,
Bruno Nestor Azerot,"XIV, XV",bnazerot,,
Gaël Yanno,XIII,,GaelYanno,
Florence Goulet,"XVI, XVII",florencegoulet4,x@florencegoulet4,
Chantal Bouloux,XVI,chantal_bouloux,,
Catherine Lemorton,"XIII, XIV",cathylemorton,cathlemorton,
Martine Froger,"XVI, XVII",martinefrogeran,martinefro09,
Joëlle Borowski,XIII,,JoelleBorowski,
Ramlati Ali,XV,ramlatiali,,
Sandra Boëlle,XV,sboelle,,
Marc Delatte,XV,marcdelatte,,
Philippe Cochet,"XII, XIII, XIV",philippecochet,,
Philippe Sorez,XVI,ph_sorez,saurel_p,
Michel Ménard,"XIII, XIV",michel_menard,,
Nadia Ramassamy,XV,nadiaramassamy,,
Philippe Doucet,XIV,pdoucet,,
Sylvie Charrière,XV,sylviecharriere,,
Meyer Habib,"XIV, XV, XVI",meyer_habib,,
Sophie Métadier,XV,smetadier,,
Béatrice Descamps,"XV, XVI",beadescamps,descamps2017,
Élisabeth Borne,"XVI, XVII",elisabeth_borne,,
Yves Jégo,"XII, XIII, XIV, XV",yvesjego,,
François Gernigon,"XVI, XVII",f_gernigon,frgernigon,
Pascale Got,"XIII, XIV, XVII",,,Pascalegot
Véronique Louwagie,"XIV, XV, XVI, XVII",verolouwagie,francelorho,
Olivier Carré,"XIII, XIV",olivier_carre,,
David Habib,"XII, XIII, XIV, XV, XVI, XVII",daviddhabib,,
Nicolas Dupont-Aignan,"XII, XIII, XIV, XV, XVI",dupontaignan,,
Jean-Marie Sermier,"XII, XIII, XIV, XV",jmsermier,jmsermier2014,
François Grosdidier,"XII, XIII",GrosdidierMetz,,
Natalia Pouzyreff,"XV, XVI, XVII",npouzyreff78,,
Nicolas Forissier,"XII, XIII, XV, XVI, XVII",n_forissier,,
Henri Plagnol,"XII, XIII, XIV",,,
Frédéric Petit,"XV, XVI, XVII",fpetitan,,
Eric Liégeon,XVII,,,
Olivier Dosne,"XII, XIII",DOSNEOlivier,olivier_dosne,
Christian Hutin,"XIII, XIV, XV",christianhutin,,
Fabienne Labrette-Ménager,XIII,,,
Frédérique Meunier,"XV, XVI, XVII",fmeunier19,,
Nicolas Dhuicq,"XIII, XIV",NicolasDHUICQ,,
Jacques Oberti,XVII,jacquesoberti,,
Philippe Ballard,"XVI, XVII",ballardphilippe,,
Constance Le Grip,"XV, XVI, XVII",constancelegrip,,
Jean-Pierre Barbier,XIV,JPBARBIERISERE,,
Philippe Briand,"XII, XIII, XIV",,,
Thierry Lazaro,"XII, XIII, XIV",,,
Boinali Said,XIV,,SaidBoinali,
Didier Gonzales,XIII,,gonzales94290,
Christophe Caresche,"XII, XIII, XIV",ccaresche,,
Frédéric Barbier,"XIV, XV",fred_barbier,,
Thierry Michels,XV,thierrymichels,,
Olivier Audibert Troin,XIV,olivieraudibert,,
Gérard Leseul,"XV, XVI, XVII",leseulg,,
Philippe Naillet,"XIV, XV, XVI, XVII",pnaillet,,
Sabine Rubin,XV,sabinerubinfi93,,
Denis Fégné,XVII,,DenisFegne,
Catherine Vautrin,"XII, XIII, XIV",cavautrin,,
Monique Griseti,XVII,moniquegriseti,,
Denys Robiliard,XIV,,DenysRobiliard,
Jean-Luc Moudenc,XIV,jlmoudenc,,
Jean-Philippe Maurer,XIII,,maurerjp,
Laurence Abeille,XIV,laurenceabeille,,
Renaud Dutreil,"XII, XIII",,renaudfrance,
Béatrice Roullaud,"XVI, XVII",roullaudbeatric,beatriceroulla2,
Philippe Emmanuel,XVI,philemmanue,,
Hervé Gaymard,"XII, XIII, XIV",hgaymard,,
François De Mazières,XIV,FdeMazieres,,
Patrick Loiseau,XV,ploiseau85,,
Marc Pena,XVII,marcpena_,,
Juliette Vilgrain,XVI,jvilgrain,,
Gilles Bourdouleix,"XII, XIII, XIV",gbourdouleix,,
Abdoulatifou Aly,XIII,,AbdoulatifouAly,
Françoise Dumas,"XIV, XV",fdumasdeputee,,
Philippe Berta,"XV, XVI",pbertagard,,
Catherine Pujol,XV,catherinepujol1,,
Graziella Melchior,"XV, XVI, XVII",graziemelchior,,
Stéphane Rambaud,"XVI, XVII",srambaudrn,stephan1rambaud,
Annie Le Houerou,XIV,LeHouerouA,,
Christian Paul,"XII, XIII, XIV",christianpaul58,,
Marie-Hélène Amiable,XIII,MHAmiable,,
Pascale Gruny,"XII, XIII",PascaleGruny02,pascalegruny,
Michel Hunault,"XII, XIII",,,
Patrice Calméjane,XIII,,Calmejane93250,
Stéphane Le Foll,"XIV, XV",slefoll,,
Pascal Demarthe,XIV,,PascalDemarthe,
Jean-François Parigi,XV,jf_parigi,,
Michel Vialay,XV,michelvialay,,
Dominique Tian,"XII, XIII, XIV",dominique_tian,,
Christian Jacob,"XII, XIII, XIV, XV",chjacob77,,
Pascal Bois,XV,pascalboislarem,pascalboislrem,
Bruno Millienne,"XV, XVI",brunomillienne,,
Yannick Chenevard,"XVI, XVII",ychenevard83,,
François Lamy,"XII, XIII, XIV",lamy_f,,
Dominique Baert,"XIII, XIV",,,
Joël Giraud,"XII, XIII, XIV, XV, XVI",joelgiraud05,,
Bérengère Poletti,"XII, XIII, XIV, XV",poletti_b,,
Élie Aboud,"XIII, XIV",elie_aboud,,
Valérie Fourneyron,"XIII, XIV",,ValerieFourneyr,
Josiane Corneloup,"XV, XVI, XVII",j_corneloup,,
Nicole Le Peih,"XV, XVI, XVII",nicolelepeih,,
Gabriel Serville,"XIV, XV",gabrielserville,,
Christine Arrighi,"XVI, XVII",charrighi,,
Jean-Jacques Urvoas,"XIII, XIV",jjurvoas,,
Sophie Mette,"XV, XVI, XVII",sophiemette1,,
Sandrine Doucet,XIV,doucet_sandrine,,
Dominique Dord,"XII, XIII, XIV",dominiquedord,,
Dominique Faure,XVI,fauredominique,,
Yves Goasdoué,XIV,,,yvesgoasdoue
Mohamed Laqhila,"XV, XVI",laqhila,,
Brigitte Liso,"XV, XVI, XVII",brigitte_liso,,
Véronique Massonneau,XIV,vmassonneau,,
Kader Arif,XIV,kaderarif,,
Françoise Olivier-Coupeau,XIII,,,
Éric Michoux,XVII,eric_michoux,,
Sabine Thillaye,"XV, XVI, XVII",sabinethillaye,,
Renaud Muselier,"XII, XIII",renaudmuselier,,
Brigitte Kuster,XV,brigitte_kuster,,
Bruno Fuchs,"XV, XVI, XVII",bruno_fuchs,,
Isabelle Vasseur,XIII,,,
Mansour Kamardine,"XII, XV, XVI",kamardine_m,,
Viviane Le Dissez,XIV,,,
Brigitte Bourguignon,"XIV, XV",brigbourguignon,bourguignonbrig,
Serge Grouard,"XII, XIII, XIV",SergeGrouard,,
Marisol Touraine,"XIII, XIV",MarisolTouraine,,
Catherine Couturier,XVI,outuriercathy,couturiercathy,
Maurice Leroy,"XII, XIII, XIV, XV",mauriceleroy,,
Éric Coquerel,"XV, XVI, XVII",ericcoquerel,,
Pierre Morel-À-l'Huissier,"XII, XIII, XIV, XV, XVI",morelpierre,,
Jean-Luc Bleunven,XIV,jeanlucbleunven,,
Jean-Marc Fournel,XIV,,,
Gaetan Gorce,"XII, XIII",GGorce,,
Dominique Le Mèner,"XII, XIII, XIV",lemenerdom,,
Hervé Mariton,"XII, XIII, XIV",hervemariton,,
Claire Marais-Beuil,XVII,clairebeuil,,
Dominique Voynet,XVII,dominiquevoynet,,
Michèle Victory,XV,victory_michele,,
Philippe Gomès,"XIV, XV",philippegomesce,,
Martine Pinville,"XIII, XIV",deputepinville,martinepinville,
Louis Giscard d'Estaing,"XII, XIII",LGiscardEstaing,,
Colette Capdevielle,"XIV, XVII",c_capdevielle,,
Béatrice Pavy,"XII, XIII",,,
Jean-Paul Lecoq,"XIII, XV, XVI, XVII",,,
Yves Foulon,XIV,deputefoulon,foulon_yves,
Bruno Bonnell,XV,brunobonnelloff,bbotnews,
Chantal Berthelot,"XIII, XIV",,,ChantalGuyane
Jean-Luc Lagleize,XV,jeanluclagleize,,
Chantal Jourdan,"XV, XVI, XVII",chantaljourdan,,
Yannick Favennec-Bécot,"XII, XIII, XIV, XV, XVI, XVII",yfavennec,,
Thierry Mariani,"XII, XIII, XIV",thierrymariani,,
Georges Siffredi,"XII, XIII",,,
Jacques Marilossian,XV,jmarilossian,,
Alain Ramadier,XV,alainramadier,,
Christophe Guilloteau,"XII, XIII, XIV",,,
Jean-René Cazeneuve,"XV, XVI, XVII",jrcazeneuve,,
Éric Alauzet,"XIV, XV, XVI",ericalauzet,,
Bertrand Pancher,"XIII, XIV, XV, XVI",bertrandpancher,,
Jacques Cattin,XV,jcattin2017,,
Laurence Dumont,"XIII, XIV, XV",ldumontdeputee,,
François Cornut-Gentille,"XII, XIII, XIV, XV",fcornutgentille,,
Gilles Le Gendre,"XV, XVI",gilleslegendre,,
Francis Vercamer,"XII, XIII, XIV, XV",fvercamer,,
Catherine Hervieu,XVII,cathervieu,,
Christophe Priou,"XII, XIII, XIV",,,
Cyrille Isaac-Sibille,"XV, XVI, XVII",cisaacsibille,,
Jean-Louis Rousselin,XIV,,,
Catherine Kamowski,XV,ckamowski3805,,
Pascal Lecamp,"XVI, XVII",plecamp,,
Annick Lepetit,"XII, XIII, XIV",annick_lepetit,,
Jean-Paul Dufrègne,XV,jp_dufregne,,
Jacques Le Guen,"XII, XIII",,,
Michel Liebgott,"XII, XIII, XIV",,MichelLiebgott,
Dominique Chauvel,XIV,deputeechauvel,,
Philippe Vigier,"XIII, XIV, XV, XVI, XVII",vigierphilippe,,
Patrick Vignal,"XIV, XV, XVI",patrickvignal,,
Marie-Christine Dalloz,"XIII, XIV, XV, XVI, XVII",,,
Jeanine Dubié,"XIV, XV",,,
Thierry Mandon,XIV,mandonthierry,,
Jean-Louis Bricout,"XIV, XV, XVI",jlbricout,,
Marianne Dubois,"XIII, XIV, XV",duboismarianne,,
Pierre Cabaré,XV,deputecabarep,,
Alain Calmette,XIV,,alaincalmette,
Marie-Anne Montchamp,"XII, XIII",,mamontchamp,
Paul Jeanneteau,XIII,,,
Bernard Carayon,"XII, XIII",BernardCarayon,,
Pierre Bédier,"XII, XIII",,,pierre_bedier
Denis Sommer,XV,denissommer,,
Richard Lioger,XV,richardlioger,,
Pierre Moscovici,"XIII, XIV",pierremoscovici,,
Martine Leguille-Balloy,XV,leguilleballoy,,
Claire Guion-Firmin,XV,,,
Patrick Roy,"XII, XIII",,,
Régine Povéda,XIV,,ReginePoveda,
Caroline Colombier,"XVI, XVII",ccolombier_rn,,
Georges Tron,"XII, XIII",,,
Sophie Delong,XIII,,delongsophie,
Philippe Nauche,"XIII, XIV",philippenauche,,
Sylvie Bouchet Bellecourt,XV,sbouchetb,,
Jean-Luc Laurent,XIV,jluc_laurent,,
Jérôme Lambert,"XII, XIII, XIV, XV",jeromelambert16,,
Nadia Essayan,XV,nadiaessayan,,
Paul Giacobbi,"XII, XIII, XIV",pgiacobbi,,
Jacqueline Dubois,XV,jacqlinedubois,,
Jacqueline Irles,XIII,,IrlesJacqueline,
Jean-Claude Bouchet,"XIII, XIV, XV",jcbouchet,,
Thierry Tesson,XVII,tessondouai,,
Bruno Duvergé,XV,brunoduverge,,
Michel Lauzzana,"XV, XVI, XVII",lauzzanamichel,,
Henri Guaino,XIV,guaino_henri,,
Francis Saint-Léger,"XII, XIII",,fsaintleger,
Jean-Yves Caullet,XIV,jycaullet,,
Jean-Michel Fauvergue,XV,,,
Alain Marc,"XIII, XIV",,,
Bernard Perrut,"XII, XIII, XIV, XV",b_perrut,,
Pierre Pribetich,XVII,pierrepribetich,,
Fanny Dombre Coste,"XIV, XVII",f_dombrecoste,,
Hubert Wulfranc,"XV, XVI",hubertwulfranc,,
Marc Le Fur,"XII, XIII, XIV, XV, XVI",marclefur,,
François Deluga,XIII,,,
Jean Dionis du Séjour,"XII, XIII",jeandionis,,
Annie Vidal,"XV, XVI, XVII",vidal7602,,
Pascale Bay,XVII,,,
Pierre Morange,"XII, XIII, XIV",pierremorange,,
Annie Genevard,"XIV, XV, XVI, XVII",anniegenevard,,
Didier Martin,"XV, XVI",dmartindijon,,
Marie-Noëlle Battistel,"XIII, XIV, XV, XVI, XVII",battistelmarie,,
Jean-François Eliaou,XV,jfeliaou,,
Hervé Féron,"XIII, XIV",,HerveFeron,
Guénhaël Huet,"XIII, XIV",guenhaelhuet,,
Brigitte Klinkert,"XV, XVI, XVII",klinkertbrigitt,,
André Vallini,"XII, XIII",VALLINIAndre,,
Gilbert Sauvan,XIV,,,
Patrick Bloche,"XII, XIII, XIV",pbloche,,
Frédérique Tuffnell,XV,tuffnelllrem17,tuffnell17,
Martine Etienne,XVI,martineetienne_,martineetienne6,
Colette Langlade,"XIII, XIV",,ColetteLanglade,
Joël Aviragnet,"XIV, XV, XVI, XVII",javiragnet,joelaviragnet,
Florence Delaunay,"XIII, XIV",,,fdelaunay
Marguerite Lamour,"XII, XIII",,,
Rémi Delatte,"XIII, XIV, XV",,,
Charles-Ange Ginesy,"XII, XIII, XIV",ca_ginesy,,
Dominique Lefebvre,XIV,lefebvreps,,
Hélène Vainqueur-Christophe,"XIV, XV",helenevainqueur,,
Jean-Louis Gagnaire,"XIII, XIV",jlgagnaire,,
Brigitte Allain,XIV,brigitteallain,,
André Wojciechowski,XIII,,AndrWOJCIECHOW1,
François Brottes,"XII, XIII, XIV",,,
Sophie Dion,XIV,sophiedion74,,
Eliane Kremer,XVII,,,
Geneviève Darrieussecq,"XV, XVI, XVII",gdarrieussecq,darrieussecq,
Jean Garraud,"XII, XIII",jpgarraud,,
Max Mathiasin,"XV, XVI, XVII",maxmathiasin,,
Pascal Deguilhem,"XIII, XIV",,PascalDeguilhem,
Christian Eckert,"XIII, XIV",ceckert56,,
Jean-François Lamour,"XIII, XIV",jf_lamour,,
Éric Woerth,"XII, XIII, XIV, XV, XVI, XVII",ericwoerth,,
Philippe Vuilque,"XII, XIII",,,
Sophie-Laurence Roy,XVII,slroyyonne,,
Daniel Mach,"XII, XIII",,,
Jacques Grosperrin,XIII,,J_Grosperrin,
Françoise Descamps-Crosnier,XIV,,,
Luce Pane,XIV,,,LucePane1
Philippe Pemezec,"XII, XIII",,PhilippePemezec,
Sophie Dessus,XIV,,,SophieDessus
Claudine Schmid,XIV,claudine_schmid,,
Anne-Yvonne Le Dain,XIV,ayledain,,
Christine Hennion,XV,ch_hennion,,
Daniel Labaronne,"XV, XVI, XVII",labaronnedaniel,,
Philippe Bonnecarrère,XVII,pbonnecarrere81,,
Dino Cinieri,"XII, XIII, XIV, XV, XVI",dinocinieri,,
Christian Estrosi,"XII, XIII, XIV",cestrosi,,
Laurent Kalinowski,XIV,,,L_Kalinowski
Eric Raoult,"XII, XIII",EricRaoult,,
Pierre Ribeaud,XIV,,,
Sylvie Pichot,XIV,sylviepichot,,
Pierre-Christophe Baguet,"XII, XIII",pcbaguet,,
Philippe Noguès,XIV,philippenogues,,
Christine Engrand,"XVI, XVII",cengrand_rn,,
Jean Lassalle,"XII, XIII, XIV, XV",jeanlassalle,,
Vincent Bru,"XV, XVI",bru_vincent,,
Elisabeth Pochon,XIV,elisabethpochon,,
Monica Michel-Brassart,XV,monicamichel_of,,
Patrick Mennucci,XIV,patrickmennucci,,
Michel Gonord,XVII,,,
Michel Bouvard,"XII, XIII",,m_bouvard,
Chantal Guittet,XIV,guittet2017,chantalguittet,
Jean-Yves Bony,"XIII, XV, XVI, XVII",,,
Julien Dray,"XII, XIII",juliendray,,
Philippe Vitel,"XII, XIII, XIV",philippevitel,vigierphilippe,
Jacques Cresta,XIV,jacquescresta,,
Laurence Vichnievsky,"XV, XVI",lvichnievsky,,
Lionnel Luca,"XII, XIII, XIV",lionnelluca06,,
Élisabeth Toutut-Picard,XV,etoututpicard,,
André Villiers,"XV, XVI",avilliers2017,andrevilliers89,
Gilles Savary,XIV,gillesavary,sg3391,
Jean-Claude Leclabart,XV,jleclabart,jcleclabart2017,
Michel Guiniot,"XVI, XVII",michelguiniot,,
Renaud Gauquelin,XIV,,RenaudGauquelin,
Annick Le Loch,"XIII, XIV",annick_leloch,,
Jean-Michel Clément,"XIII, XIV, XV",jmclement86,,
Georges Fenech,"XII, XIII, XIV",georgesfenech,,
Yves Blein,"XIV, XV",yves_blein,,
Geneviève Fioraso,"XIII, XIV",,,
Patricia Gallerneau,XV,pgallerneau,,
Étienne Blanc,"XII, XIII, XIV",blanc_etienne,,
René-Paul Victoria,"XII, XIII",,rpv974,
François Hollande,"XII, XIII, XVII",fhollande,,
Yves Daniel,"XIV, XV",ydaniel_depute,,
Rudy Salles,"XII, XIII, XIV",rudysalles,,
Pascal Markowsky,XVII,pascalmarkowsky,,
Marie-Claude Marchand,XIII,,,
Marie-Line Reynaud,"XIII, XIV",mlreynaud16,,
Yolaine De Courson,XV,yodecourson,,
Monique Rabin,XIV,,moniqrabin,
Patrick Weiten,XIV,,PWeiten,
Yannick Haury,"XV, XVI",yhaury44,,
Claude Greff,"XII, XIII, XIV",claudegreff,,
Charles De la Verpillière,"XIII, XIV, XV",delaverpilliere,,
Camille De Rocca Serra,"XII, XIII, XIV",,,CdeRoccaSerra
Michel Sala,XVI,avecmichelsala,,
Catherine Pen,XIV,,,
Philippe Goujon,"XIII, XIV",philippe_goujon,,
Jean-René Marsac,"XIII, XIV",,,
Elie Califer,"XVI, XVII",eliecalifer,eliecalifer2022,
Jean-Paul Mattei,"XV, XVI, XVII",jp_mattei,,
François Fillon,"XII, XIII, XIV",francoisfillon,,
Yvan Lachaud,"XII, XIII",yvan_lachaud,,
Geneviève Gosselin-Fleury,XIV,,,
Alain Ballay,XIV,,alainballay,
Pierre Marle,XVII,,,
Didier Paris,"XV, XVI",_didierparis,didierparis,
Jean-Louis Masson,XV,,jlmasson83,
Frantz Gumbs,"XVI, XVII",frantzgumbs,frantzgumbs1,
Alain Joyandet,"XII, XIII",ajoyandet,,
Josy Poueyto,"XV, XVI, XVII",josypoueyto,,
Claire Bouchet,XV,clairebouchet05,,
François Loos,"XII, XIII",,,
Françoise Buffet,"XVI, XVII",f_buffet,,
Monique Limon,XV,3807limon,,
Bruno Joncour,XV,bjoncour,,
Philippe Martin,"XII, XIII, XIV",,,
Michel Sordi,"XII, XIII, XIV",,Michel_Sordi,
Bernard Reynès,"XIII, XIV, XV",bernardreynes,,
Bernard Deflesselles,"XII, XIII, XIV, XV",bdeflesselles,,
Jean-Michel Fourgous,"XII, XIII",JMFourgous,,
Jean-Luc Drapeau,"XIII, XIV",,jl_drapeau,
Martine Martinel,"XIII, XIV",martinemartinel,,
François Goulard,"XII, XIII",,FGoulard56,
Germinal Peiro,"XII, XIII, XIV",germinalpeiro,,
Patrice François,XIII,,,
Claude De Ganay,"XIV, XV",cdganay,,
Bernard Gérard,"XIII, XIV",bgerard59,,
Kheira Bouziane-Laroussi,XIV,,,Kheira_Bouziane
Marie-Lou Marcel,"XIII, XIV",mloumarcel,,
Françoise Hostalier,XIII,,,
Françoise Branget Née Minello,"XII, XIII",,,
Jean-Pierre Gorges,"XII, XIII, XIV",jpgorges,,
Marc-Philippe Daubresse,"XII, XIII, XIV",daubresse_mp,,
Arlette Grosskost,"XII, XIII, XIV",agrosskost,,
Jean-Charles Taugourdeau,"XII, XIII, XIV, XV",jctaugourdeau,,
Jean-Jacques Cottel,XIV,cotteljj,,
Edith Gueugneau,XIV,,egueugneau,
Jean-Pierre Fougerat,"XIII, XIV",,,
Jean-Jacques Bridey,"XIV, XV",jjbridey94260,,
Marie-Thérèse Le Roy,XIV,,,
"Michel, Jean, Eli Rossi",XIII,,,
Brigitte Barèges,"XII, XIII, XVII",brigittebareges,,
François Sauvadet,"XII, XIII, XIV",sauvadet,,
Patricia Adam,"XII, XIII, XIV",,P_AdamAN,
Patrick Beaudouin,"XII, XIII",,P_Beaudouin,
François Calvet,"XII, XIII",CalvetFrancois,,
Jacques Bascou,"XII, XIII",,jacquesbascou,
Olivier Jardé,"XII, XIII",,olivierjarde,
Jacques Domergue,"XII, XIII",,DomergueJacques,
Maud Olivier,XIV,oliviermaud,,
Serge Letchimy,"XIII, XIV, XV",sergeletchimy,,
Jean-Marie Le Guen,"XII, XIII, XIV",jm_leguen,,
Patrice Carvalho,XIV,,PatriceCarvalho,
Jacques Savatier,XV,jacquessavatier,,
Gilles Cocquempot,"XII, XIII",,,
Marc Dolez,"XII, XIII, XIV",,,
Jean-Pierre Decool,"XII, XIII, XIV",jpdecool,,
Martine Billard,"XII, XIII",MartineBillard,,
Louis Cosyns,"XII, XIII",,LouisCosyns,
Jean-François Rousset,"XVI, XVII",jf_rousset2,rousset33638791,
Jacques Lamblin,"XIII, XIV",,,
Jean Mallot,XIII,JeanMallot,,
Hubert Brigand,"XVI, XVII",,,
Jean Launay,"XII, XIII, XIV",,JeanLAUNAY46,
Françoise de Salvador,XIII,,,
Bernard Roman,"XII, XIII, XIV",,,bernardroman59
Dominique Bussereau,"XII, XIII, XIV",dbussereau,,
Michel Issindou,"XIII, XIV",,,
Nicole Ameline,"XII, XIII, XIV",nicoleameline,,
Rémi Pauvros,XIV,,,RPauvros
Jérôme Cahuzac,"XIII, XIV",,,
Gisèle Biémouret,"XIII, XIV, XV",giselebiemouret,,
Didier Migaud,"XII, XIII",,,
Jean-Claude Leroy,"XII, XIII",,,
Michel Lesage,XIV,,,
Marie-Françoise Pérol-Dumont,"XII, XIII",,mfperoldumont87,
Didier Mathus,"XII, XIII",,didiermathus,
Thierry Frappé,"XVI, XVII",thierry_frappe,,
Patrick Lemasle,"XII, XIII, XIV",,,
Marguerite Deprez-Audebert,XV,mdeprezaudebert,,
Claude Bodin,XIII,,,
Gérard Menuel,"XII, XIII, XIV, XV",,MenuelGerard,
Christian Girard,"XVI, XVII",c_girardrn,chrisgirardon,
Jean-Paul Charié,"XII, XIII",,,
Jacques Alain Bénisti,"XII, XIII, XIV",,,
Michel Sapin,XIII,michelsapin,,
Charles De Courson,"XII, XIII, XIV, XV, XVI, XVII",c_decourson,,
Yves Albarello,"XIII, XIV",yvesalbarello,,
Dominique Orliac,"XIII, XIV",,D_Orliac,
Gisèle Lelouis,"XVI, XVII",gisele_lelouis,,
Alain Bruneel,XV,alain_bruneel,,
Martine Lignières-Cassou,"XII, XIII, XIV",lignierescassou,,
Alain Ferry,"XII, XIII",,,
Christiane Taubira-Delannon,"XII, XIII",chtaubira,,
Dolores Roqué,XIV,,Dolores_Roque,
Marie-Arlette Carlotti,XIV,MACarlotti,,
René Lioret,XVII,lioret18,,
Édouard Fritch,XIV,,EdouardFritch,
Jean-Luc Reitzer,"XII, XIII, XIV, XV",jl_reitzer,,
Cécile Untermaier,"XIV, XV, XVI",ceciluntermaier,,
Yanick Paternotte,XIII,,PaternotteY,
Nicole Dubré-Chirat,"XV, XVI, XVII",nicoledubre17,,
Philippe Houillon,"XII, XIII, XIV",phouillon,,
Roland Muzeau,XIII,,RolandMuzeau,
Anny Poursinoff,XIII,,,
Henri Jibrayel,"XIII, XIV",henrijibrayel,,
Alain Suguenot,"XII, XIII, XIV",a_suguenot,,
Jacques Valax,"XIII, XIV",jvalax,,
Victorin Lurel,"XII, XIII, XIV",victorinlurel,,
Jean-Luc Mélenchon,XV,jlmelenchon,,
Jean-Christophe Cambadélis,"XII, XIII, XIV",jccambadelis,,
Jacques Moignard,"XIII, XIV",,JacquesMoignard,
Axel Poniatowski,"XII, XIII, XIV",axelponiatowski,,
Claude Bartolone,"XII, XIII, XIV",claudebartolone,,
Marie-Hélène Fabre,XIV,mhfabre,,
Danièle Hoffman-Rispal,"XII, XIII, XIV",dhoffmanrispal,,
Jean-Marc Roubaud,"XII, XIII",,jmroubaud2014,
Patrick Labaune,"XII, XIII, XIV",patricklabaune,,
Jean-Claude Viollet,"XII, XIII",,,
Dominique Nachury,XIV,,,
Olivier Dassault,"XII, XIII, XIV, XV",odassault,,
François Bayrou,"XII, XIII",bayrou,,
Céleste Lett,"XII, XIII, XIV",,,
Pierre Lellouche,"XII, XIII, XIV",lellouchepierre,,
Marie-Jo Zimmermann,"XII, XIII, XIV",,mjz57000,
Philippe Boënnec,XIII,,,PBoennec
Françoise Briand,XIII,,FrancoiseBriand,
Hervé Pellois,"XIV, XV",hervepellois,,
Jean-Louis Borloo,"XII, XIII, XIV",jlborloo,,
Marielle De Sarnez,XV,desarnez,,
Alain Vidalies,"XII, XIII, XIV",AVidalies,,
Yves Bur,"XII, XIII",,,
Monique Boulestin,XIII,,M_Boulestin,
Michel Herbillon,"XII, XIII, XIV, XV, XVI, XVII",michelherbillon,,
Jean-Louis Destans,XIV,jldestans,,
Alain Rousset,"XIII, XIV",al_rousset,,
Joëlle Ceccaldi-Raynaud,"XII, XIII",Joelle_CR,,
Christine Marin,XIII,,,
Jean-Sébastien Vialatte,"XII, XIII, XIV",js_vialatte,,
"Patrice, Olivier, Paul Debray",XIII,,,
Jean-Louis Christ,"XII, XIII, XIV",,,
Philippe Plisson,"XIII, XIV",plisson2012,,
Alain Gest,"XII, XIII, XIV",alain_gest,,
Thierry Carcenac,"XII, XIII",,,
Armand Jung,"XII, XIII, XIV",,,
Patrick Braouezec,"XII, XIII",PBraouezec,,
Marie-Louise Fort,"XIII, XIV",,,
Jeanny Marc,XIII,,,
Gérard Sebaoun,XIV,gerardsebaoun,,
Jean-Pierre Grand,"XII, XIII",JeanPierreGrand,,
Pierre Frogier,"XII, XIII",,PierreFrogier,
Dominique Le Sourd,XIII,,,
Franck Gilard,"XII, XIII, XIV",,,
Marie-Odile Bouillé,"XIII, XIV",,,
Jean-Marie Rolland,"XII, XIII",,,
Jean-Yves Le Bouillonnec,"XII, XIII, XIV",,,
Michel Buillard,"XII, XIII",,,
Jean-Pierre Abelin,"XII, XIII",jpabelin,,
Jean-Luc Poudroux,XV,,,
Huguette Bello,"XII, XIII, XIV, XV",huguettebello,,
Émilienne Poumirol,XIV,,E_Poumirol,
Robert Lecou,"XII, XIII",,,
Jean-Louis Leonard,"XII, XIII",,JeanLouiLEONARD,
Robert Olive,XIV,,,
Alfred Trassy-Paillogues,"XII, XIII",,TPaillogues,
Bernard Bouley,XV,bouleybernard,,
André Chassaigne,"XII, XIII, XIV, XV, XVI, XVII",andrechassaigne,,
Geneviève Colot,"XII, XIII",,,
Avi Assouly,XIV,,assouly,
Yves Vandewalle,XIII,,VANDEWALLEYves,
Daphna Poznanski-Benhamou,XIV,,daphnapoznanski,
François-Xavier Villain,"XII, XIII, XIV",fxvillain,,
Joaquim Pueyo,"XIV, XV",joaquim_pueyo,joaquimpueyo,
Jean-Pierre Balligand,"XII, XIII",,,
Marie-Hélène des Esgaulx,"XII, XIII",mhdesesgaulx,,
Jean-Pierre Pont,"XV, XV, XVI",jeanpierrepont,,
Jean-Pierre Pont,"XV, XV, XVI",jeanpierrepont,,
Jean-Louis Idiart,"XII, XIII",,,
Michel Fanget,XV,michelfanget,,
Dominique Raimbourg,"XIII, XIV",raimbourg2012,d_raimbourg,
Joëlle Mélin,"XVI, XVII",joellemelinrn,,
Pierre Cohen,"XII, XIII",pcohen,,
Josette Manin,XV,,JosetteMan88962,
Jean-Claude Thomas,"XII, XIII",,,
Jean-Claude Mignon,"XII, XIII, XIV",jc_mignon77,,
Jean-Marc Ayrault,"XII, XIII, XIV",jeanmarcayrault,,
Jean-Luc Perat,XIII,,,
Serge Blisko,"XII, XIII",,sergeblisko,
Jean-Yves Autexier,XIII,,jyautexier,
Jean-Paul Chanteguet,"XII, XIII, XIV",,,
Pierre Lequiller,"XII, XIII, XIV",,PLequiller,
Jean-Pierre Blazy,"XII, XIV",jpblazy,,
Jacques Le Nay,"XII, XIII",,JacquesLeNay,
Frédéric Reiss,"XII, XIII, XIV, XV",,,
Yvon Robert,XIII,,,
Joël Regnault,XIII,,,
Claire O'Petit,XV,claireopetit,,
Roger Chudeau,"XVI, XVII",chudeaur,,
Bernard Lesterlin,"XIII, XIV",blesterlin,,
Jean-Marie Tétart,XIV,,JeanMarieTetart,
Pierre Cardo,"XII, XIII",,,
Michel Delpon,XV,delponmichelem,micheldelpon,
Daniel Vaillant,"XII, XIII, XIV",danielvaillant,,
Henriette Martinez,"XII, XIII",,,
Michel Pajon,"XII, XIII, XIV",,MichelPajon,
Bernadette Beauvais,XV,,,
Paul Salen,"XIII, XIV",,,
Françoise Vallet Née Jouanne,XIII,,,
Alain David,"XV, XVI, XVII",alaindavid_an,,
Gérard Gaudron,XIII,,,
Guy Geoffroy,"XII, XIII, XIV",,GuyGeoffroy,
Christian Franqueville,XIV,,,
Jean Glavany,"XII, XIII, XIV",,JeanGlavany,
Jacqueline Maquet,"XIII, XIV, XV, XVI",j_maquet2022,j_maquet6202,
Marie-George Buffet,"XII, XIII, XIV, XV",,,
Philippe Armand Martin,"XII, XIII, XIV",deputemartin,,
Dominique Strauss-Kahn,"XII, XIII",,,dstrausskahn
Catherine Genisson,"XII, XIII",,,
François-Michel Gonnot,"XII, XIII",,,
Jean-Paul Bacquet,"XII, XIII, XIV",jpbacquet,,
Alain Marsaud,"XII, XIV",AlMarsaud,,
Hervé Novelli,"XII, XIII",HNovelli,,
Gilbert Le Bris,"XII, XIII, XIV",gilbertlebris,,
Jean-Yves Cousin,"XII, XIII",,,
Jean-Pierre Marcon,XIII,,,
Richard Dell'Agnola,"XII, XIII",,,
Jean Michel,"XII, XIII",,,
Jérôme Bignon,"XII, XIII",,,jeromebignon
Noël Mamère,"XII, XIII, XIV",noelmamere,,
Francis Chouat,XV,fchouat,,
Lucette Lousteau,XIV,,,LucetteLousteau
Michel Terrot,"XII, XIII, XIV",,,
Françoise de Panafieu,"XII, XIII",,,
Gilda Hobert,XIV,,,
Richard Mallié,"XII, XIII",,,
George Pau-Langevin,"XIII, XIV, XV",pau_langevin,,
Joëlle Huillier,XIV,joellehuillier,,
Martine Faure,"XIII, XIV",martinefaure,,
Chantal Brunel,"XII, XIII",,chantalbrunel,
Sonia Lagarde,XIV,sonialagarde,,
Gilles Carrez,"XII, XIII, XIV, XV",gillescarrez,,
Alain Claeys,"XII, XIII, XIV",,,
Pierre Gosnat,XIII,,,
Patrick Balkany,"XII, XIII, XIV",,,
Chantal Robin-Rodrigo,"XII, XIII",,,
Daniel Garrigue,"XII, XIII",,,
Daniel Grenon,"XVI, XVII",danielgrenon89,,
Philippe Tourtelier,"XII, XIII",,,
Jean Leonetti,"XII, XIII, XIV",jeanleonetti,,
Philippe Kemel,XIV,philippekemel,,
Véronique De Montchalin,XVI,,vdemontchalin,
Daniel Fidelin,"XII, XIII",,danielfidelin,
"Odette, Eugénie, Germaine Duriez Née Gamelin","XII, XIII",,,
Marie-Françoise Clergeau,"XII, XIII, XIV",clergeaumf,,
Yvon Abiven,XIII,,,
Jacques Krabal,"XIV, XV",jkrabal,,
Georges Mothron,"XII, XIII",GMothron,,
Martine Carrillon-Couvreur,"XII, XIII, XIV",,,
Catherine Quéré,"XIII, XIV",,,
Gérard Cherpion,"XII, XIII, XIV, XV",gerardcherpion,,
Edith Audibert,XV,audibertedith,,
Jean-Michel Boucheron,"XII, XIII",,,
Jean-François Mancel,"XII, XIII, XIV",jfmancel,,
Geneviève Levy,"XII, XIII, XIV, XV",genevievelevy83,,
Jean-Pierre Brard,"XII, XIII",,,
Jean-Pierre Cubertafon,"XV, XVI",dep_cubertafon,,
Gilbert Collard,"XIV, XV",gilbertcollard,,
Marc Francina,"XII, XIII, XIV",,,
Gérard Terrier,XIV,,,gerardterrier
Marcel Rogemont,"XIII, XIV",marcelrogemont,,
Alain Tourret,"XIV, XV",alaintourret,,
Josette Pons,"XII, XIII, XIV",,josettepons,
Françoise Dubois,XIV,fdubois2012,,
Patrice Martin-Lalande,"XII, XIII, XIV",deputepml,,
Alain Cacheux,XIII,,,
Serge Bardy,XIV,bardyserge,,
Michel Raison,"XII, XIII",,michel_raison,
Maxime Bono,"XII, XIII",,MaximeBONOLR,
Serge Poignant,"XII, XIII",,,
Vincent Burroni,XIV,,,
Françoise Imbert,"XII, XIII, XIV",,,
Jean-Marie Morisset,"XII, XIII",,,
Jacques Myard,"XII, XIII, XIV",jacquesmyard,,
Michèle Bonneton,XIV,,MicheleBonneton,
Christian Vanneste,"XII, XIII",ChristVanneste,,
Guy Delcourt,"XIII, XIV",,Guy_Delcourt,
Paul Durieu,XIII,,,
Audrey Marie,XIII,,,
Danielle Brulebois,"XV, XVI, XVII",dbrulebois,,
Robert Therry,XV,,,
Philippe Duron,"XIII, XIV",philippeduron,,
Jean-Claude Buisine,XIV,,JclaudeBuisine,
Pierre Lang,"XII, XIII",,,
Jean-Claude Fruteau,"XIII, XIV",,,
Emile Blessig,"XII, XIII",,,
Jean Grellier,"XIII, XIV",jean_grellier,,
Geneviève Gaillard,"XII, XIII, XIV",gaillard_2014,,
Jean-François Chossy,"XII, XIII",,,
Marylise Lebranchu,"XII, XIII, XIV",mlebranchu,,
Alain Cousin,"XII, XIII",,,
Jean Gaubert,"XII, XIII",,,
Jacqueline Fraysse,"XII, XIII, XIV",,,
Jean-Marc Lefranc,"XII, XIII",,JMLefranc1,
Jacques Dellerie,XIV,,,
Sauveur Gandolfi-Scheit,"XIII, XIV",,SauveurGandolfi,
Danièle Hérin,XV,daniele_herin,,
Jean-Pierre Giran,"XII, XIII, XIV",jeanpierregiran,jpgiran,
Michèle Delaunay,"XIII, XIV",micheledelaunay,,
André Schneider,"XII, XIII, XIV",,,
Roselyne Bachelot-Narquin,"XII, XIII",,,
Didier Quentin,"XII, XIII, XIV, XV",didierquentin,,
Pierre Léautey,XIV,,,
André Flajolet,"XII, XIII",,AndreFlajolet,
Michel Vergnier,"XII, XIII, XIV",,michelvergnier,
Jean-Jacques Guillet,"XII, XIII, XIV",jjguillet,,
Guy Bailliart,XIV,,,
Michèle Alliot-Marie,"XII, XIII",malliotmarie,,
Francis Hillmeyer,"XII, XIII, XIV",,FHillmeyer,
Michel Destot,"XII, XIII, XIV",mdestot,,
Yves Deniaud,"XII, XIII",,,
Michel Lejeune,"XII, XIII",,,
Laurent Fabius,"XII, XIII, XIV",laurentfabius,,
Élisabeth Guigou,"XII, XIII, XIV",elisabethguigou,,
Michèle Fournier-Armand,XIV,fournier_armand,,
Christian Kert,"XII, XIII, XIV",aveckert,,
Jean-Paul Anciaux,"XII, XIII",,,
Jean-Marie Binetruy,"XII, XIII",,,
Jean-Louis Bourlanges,"XV, XVI",jlbourlanges,,
Dominique Souchet,XIII,,,
Joël Sarlot,"XII, XIII",,,
Daniel Boisserie,"XII, XIII, XIV",,,
Marc Vampa,XIII,,,
Yves Durand,"XII, XIII, XIV",,YvesDurand59,
Myriane Houplain,XV,,myrianehouplain,
Paul-Henri Cugnenc,"XII, XIII",,,
Marcel Bonnot,"XII, XIII, XIV",,,
Michel Lefait,"XII, XIII, XIV",mlefait,,
Dominique Caillaud,"XII, XIII",,DCaillaud85,
Pierre Lasbordes,"XII, XIII",,,
Christian Bataille,"XII, XIII, XIV",,ChrBataille,
Alain Bocquet,"XII, XIII, XIV",,,
Jean Marsaudon,"XII, XIII",,,
Jean Auclair,"XII, XIII",,MichelDelebarre,
Michel Delebarre,"XII, XIII",,,MichelDelebarre
Guy Malherbe,XIII,,06Malherbe,
Christian Menard,"XII, XIII",,,
Jean-Michel Villaumé,"XIII, XIV",,jmvillaume,
Jacques Pélissard,"XII, XIII, XIV",pelissard,,
Marie-Françoise Bechtel,XIV,mfbechtel,,
Jean-Pierre Le Roch,XIV,,jpleroch,
Alain Marty,"XII, XIII, XIV",,,
Chantal Bourragué,"XII, XIII",,ChBourrague,
Gabrielle Louis-Carabin,"XII, XIII, XIV",,,
Yves Cochet,"XII, XIII",,,
Michel Heinrich,"XII, XIII, XIV",,HeinrichEpinal,
René Rouquet,"XII, XIII, XIV",,,
Joseph Bossé,XIII,,,
Gérard Bapt,"XII, XIII, XIV",,gerardbapt,
André Gérin,"XII, XIII",,AndreGerinVx,
Claude Birraux,"XII, XIII",,,
André Rouxel,XIII,,,
Alain Marleix,"XII, XIII, XIV",marleixalain,alainmarleix,
Jean-Jack Queyranne,"XII, XIII",,jjqueyranne,
François Rochebloine,"XII, XIII, XIV",,FRochebloine42,
Jean-Louis Touraine,"XIII, XIV, XV",,,
"Raymond, Joannès Durand",XIII,,,
Michel Castellani,"XV, XVI, XVII",castellani_,,
Laurent Cathala,"XII, XIII, XIV",,,
Gérard Voisin,"XII, XIII",,gvoisin2017,
Bernard Accoyer,"XII, XIII, XIV",bernardaccoyer,,
Dominique Perben,"XII, XIII",,,
Marc Laffineur,"XII, XIII, XIV",marclaffineur,,
Jean-Claude Sandrier,"XII, XIII",,,
Kléber Mesquida,"XII, XIII, XIV",,kmesquida,
Jean-Pierre Allossery,XIV,,,
Alain Moyne-Bressand,"XII, XIII, XIV",moyne_bressand,,
José Evrard,XV,,,
Michel Diefenbacher,"XII, XIII",,Mdiefenbacher,
Roland Blum,"XII, XIII",,RolandBLUM13,
Sylviane Alaux,XIV,,,
Bernard Depierre,"XII, XIII",,,
François Asensi,"XII, XIII, XIV",,FrancoisAsensi,
Henri Emmanuelli,"XII, XIII, XIV",,,henriemmanuelli
Pascal Clément,"XII, XIII",,,
Danielle Bousquet,"XII, XIII",dabousquet,,
Guy Teissier,"XII, XIII, XIV, XV",guyteissier,,
Catherine Coutelle,"XIII, XIV",CCoutelle,,
Fernand Siré,"XIII, XIV",,,
Simon Renucci,"XII, XIII",,,
Louis-Joseph Manscour,"XII, XIII",,,
Claude Goasguen,"XII, XIII, XIV, XV",claudegoasguen,,
Monique Iborra,"XIII, XIV, XV, XVI",moniqueiborra,,
Jean-Jacques Candelier,"XIII, XIV",jjcandelier,,
Bruno Bourg-Broc,"XII, XIII",,,
Gérard Hamel,"XII, XIII",,,
Jean-Yves Le Déaut,"XII, XIII, XIV",,,
Marie-Renée Oget,"XII, XIII",,,
Christian Patria,"XII, XIII",,,
Pierre-Alain Muet,"XIII, XIV",pierrealainmuet,,
Jean-Claude Lenoir,"XII, XIII",,,
Patrick Ollier,"XII, XIII, XIV",patrick_ollier,,
Henri Nayrou,"XII, XIII",,,
Guy Chambefort,"XIII, XIV",guychambefort,,
Michel Debet,XIII,,,
Michel Voisin,"XII, XIII, XIV",,,
Bernard Debré,"XII, XIII, XIV",bernard_debre,,
Max Roustan,"XII, XIII",,,
Guy-Michel Chauveau,XIV,gmchauveau,,
Alfred Almont,"XII, XIII",,,
Patrick Devedjian,"XII, XIII, XIV",devedjianp,,
Jonas Tahuaitu,XIV,,,
Michel Vauzelle,"XIII, XIV",vauzelle,,
Jean-Claude Beaulieu,"XII, XIII",,,
Alain Rodet,"XII, XIII, XIV",,,
Denis Jacquat,"XII, XIII, XIV",,,
Pascale Crozon,"XIII, XIV",,,
Jean-Pierre Maggi,XIV,jpmaggi_depute,,
Jean-Louis Dumont,"XII, XIII, XIV",,JLDumont55,
Gérard Charasse,"XII, XIII, XIV",,,
Raymond Lancelin,XIII,,,
Danielle Auroi,XIV,,DanielleAuroi,
Guy Bricout,"XV, XVI",guybricout,,
Christine Boutin,"XII, XIII",christineboutin,,
Jean-Paul Dupré,"XII, XIII, XIV",,,
Jean-Yves Besselat,"XII, XIII",,,
Albert Likuvalu,XIII,,,
Albert Facon,"XII, XIII",,,
Gabriel Biancheri,"XII, XIII",,,
Conchita Lacuey,"XII, XIII, XIV",,,
Gérard Lorgeoux,"XII, XIII",,,
Daniel Paul,"XII, XIII",,,
Serge Janquin,"XII, XIII, XIV",,,
Muriel Marland-Militello,"XII, XIII",,,
Daniel Poulou,"XII, XIII",,,
Jean-Marie Demange,"XII, XIII",,,
Jean-Pierre Dufau,"XII, XIII, XIV",,jpdufau,
Suzanne Tallard,XIV,suzannetallard,,
Michel Françaix,"XII, XIII, XIV",michelfrancaix,,
José Gonzalez,"XVI, XVII",jose_gonzalezfn,gonzalezjosern,
Marc Bernier,"XII, XIII",,,
Roger-Gérard Schwartzenberg,"XII, XIV",,rgs_an,
Jean-Marc Nesme,"XII, XIII",,,
Michel Piron,"XII, XIII, XIV",michelpiron,,
Jean-Pierre Kucheida,"XII, XIII",,,
Jacques Bompard,"XIV, XV",jacquesbompard,,
Thérèse Guilbert,"XIII, XIV",,,
Odile Saugues,"XII, XIII, XIV",,,
Jean-Louis Bianco,"XII, XIII",jeanlouisbianco,,
Michel Lezeau,XIII,,,
Jean-Claude Gouget,"XIII, XIV",,,
Claude-Anne Darciaux,"XII, XIII",,,
Jacques Rey,XV,,,
Jean-Michel Ferrand,"XII, XIII",,,
Maryse Joissains-Masini,"XII, XIII",marysejoissains,,
Jacques Masdeu-Arus,"XII, XIII",,,
Pierre Aylagas,XIV,,,
Georges Ginesta,"XII, XIII, XIV",,,
Gaby Charroux,XIV,,gaby_charroux,
Christian Blanc,"XII, XIII",,,
Edwige Antier,XIII,,edwige_antier,
Alain Néri,"XII, XIII",,alainneri,
Jean-Pierre Door,"XII, XIII, XIV, XV",doorjean,,
Jean-Pierre Schosteck,XIII,,Schosteck,
Henri Cuq,"XII, XIII",,,
Pierre Bourguignon,"XII, XIII",,,
William Dumas,"XII, XIII, XIV",william_dumas,,
Jean Roatta,"XII, XIII",,,JeanRoatta
François Loncle,"XII, XIII, XIV",LoncleFrancois,,
Yves Fromion,"XII, XIII, XIV",,YvesFromion,
René Dosière,"XII, XIII, XIV",,,
Jean Bardet,"XII, XIII",,,
Gilbert Mathon,XIII,,,
Jacques Remiller,"XII, XIII",,RemillerJacques,
Jean-Claude Guibal,"XII, XIII, XIV",jcguibal,,
Claude Leteurtre,"XII, XIII",,,
Sylvia Bassot,"XII, XIII",,,
Michel Vaxès,"XII, XIII",,,
Jean-Luc Préel,"XII, XIII",,,
André Santini,"XII, XIII, XIV",asantini_udi,asantini_issy,
Jacques Kossowski,"XII, XIII, XIV",jakossowski,,
Daniel Spagnou,"XII, XIII",,spagnou,
Maxime Gremetz,"XII, XIII",,,
Georges Colombier,"XII, XIII",,,
Marc Goua,"XIII, XIV",,goua_marc,
Jean-Michel Couve,"XII, XIII, XIV",jmcouve,,
Etienne Mourrut,"XII, XIII",,,
Bernard Derosier,"XII, XIII",,,
Arlette Franco,"XII, XIII",,,
André Vézinhet,XIII,,,
Jack Lang,"XII, XIII",jack_lang,,
Jean-Claude Mathis,"XII, XIII, XIV",,,
Jean Grenet,"XII, XIII",,,
Pierre Méhaignerie,"XII, XIII",,,
Martine Aurillac Née Adrian,"XII, XIII",,,
Etienne Pinte,"XII, XIII",,,
Jacqueline Farreyrol,XIII,,,
"Gérard, André Millet",XIII,,,
Tony Dreyfus,"XII, XIII",,,
Claude Gatignol,"XII, XIII",,,
Jean-Pierre Nicolas,"XII, XIII",,JPNicolas27,
Michel Sainte-Marie,"XII, XIII",,,
Hervé de Charette,"XII, XIII",,HdeCharette,
Pierre Forgues,"XII, XIII",,,
Bernard Brochand,"XII, XIII, XIV, XV",,,
Marie-Josée Meloriat,"XII, XIII",,,
Jean-Louis Bernard,"XII, XIII",,,
Lucien Degauchy,"XII, XIII, XIV",,,
Alfred Marie-Jeanne,"XII, XIII, XIV",,Chabennou,
René Couanau,"XII, XIII",,,
Cécile Gallez,"XII, XIII",,,
François Scellier,"XII, XIII, XIV",,FGSCELLIER,
Louis Guédon,"XII, XIII",,,Guedon535496661
Jacques Desallangre,"XII, XIII",,,
Jean Ueberschlag,"XII, XIII",,,
Jean Tiberi,"XII, XIII",,jeantiberi,
Jean Proriol,"XII, XIII",,,
Jean-Pierre Soisson,"XII, XIII",,,
Didier Julia,"XII, XIII",,,
Jean-Pierre Dupont,"XII, XIII",,,
"Colette, Marie, Françoise Le Moal Née Amicel",XIII,,,
Loïc Bouvard,"XII, XIII",,,
