Nom,Législatures,Username TikTok,Lien TikTok,Statut
Abdelkader Lahmar,XVII,abdelkader_lahmar,https://www.tiktok.com/@abdelkader_lahmar,Compte vérifié
Adrien Quatennens,"XV, XVI",aquatennens,https://www.tiktok.com/@aquatennens,Compte vérifié
Alexandra Masson,"XVI, XVII",massonalexandra,https://www.tiktok.com/@massonalexandra,Compte vérifié
Alexandre Allegret-Pilot,XVII,allegretpilot,https://www.tiktok.com/@allegretpilot,Compte vérifié
Alexandre Dufosset,XVII,alexandre.dufosset,https://www.tiktok.com/@alexandre.dufosset,Compte vérifié
Alexandre Loubet,"XVI, XVII",alexandre_loubet,https://www.tiktok.com/@alexandre_loubet,Compte vérifié
Alexandre Portier,"XVI, XVII",alexandre.portier,https://www.tiktok.com/@alexandre.portier,Compte vérifié
Alexandre Sabatou,"XVI, XVII",alexandresabatou,https://www.tiktok.com/@alexandresabatou,Compte vérifié
Alexandre Vincendet,XVI,alexandre.vincendet,https://www.tiktok.com/@alexandre.vincendet,Compte vérifié
Alexis Corbière,"XV, XVI, XVII",alexis_corbiere,https://www.tiktok.com/@alexis_corbiere,Compte vérifié
Alma Dufour,"XVI, XVII",alma_dufour,https://www.tiktok.com/@alma_dufour,Compte vérifié
Aly Diouara,XVII,aly.diouara,https://www.tiktok.com/@aly.diouara,Compte vérifié
Anaïs Sabatini,"XVI, XVII",anais_sabatini,https://www.tiktok.com/@anais_sabatini,Compte vérifié
Andrée Taurinya,"XVI, XVII",andreetaurinya,https://www.tiktok.com/@andreetaurinya,Compte vérifié
Andy Kerbrat,"XVI, XVII",kerbratandy,https://www.tiktok.com/@kerbratandy,Compte vérifié
Anne Genetet,"XV, XVI, XVII",anne.genetet,https://www.tiktok.com/@anne.genetet,Compte vérifié
Anne Stambach-Terrenoir,"XVI, XVII",anne.stambachterrenoir,https://www.tiktok.com/@anne.stambachterrenoir,Compte vérifié
Anne-Laure Blin,"XV, XVI, XVII",annelaureblin,https://www.tiktok.com/@annelaureblin,Compte vérifié
Anne-Laurence Petel,"XV, XVI",,,Aucun compte TikTok
Annick Cousin,XVI,annickcousin_rn,https://www.tiktok.com/@annickcousin_rn,Compte vérifié
Anthony Boulogne,XVII,anthony_boulogne,https://www.tiktok.com/@anthony_boulogne,Compte vérifié
Antoine Armand,"XVI, XVII",antoine_armand,https://www.tiktok.com/@antoine_armand,Compte vérifié
Antoine Golliot,XVII,antoinegolliot,https://www.tiktok.com/@antoinegolliot,Compte vérifié
Antoine Léaument,"XVI, XVII",aleaument,https://www.tiktok.com/@aleaument,Compte vérifié
Antoine Villedieu,"XVI, XVII",villedieu_a,https://www.tiktok.com/@villedieu_a,Compte vérifié
Arnaud Saint-Martin,XVII,arsaint_martin,https://www.tiktok.com/@arsaint_martin,Compte vérifié
Arnaud Sanvert,XVII,arnaudsanvert,https://www.tiktok.com/@arnaudsanvert,Compte vérifié
Astrid Panosyan-Bouvet,"XVI, XVII",astridpanosyanbouvet,https://www.tiktok.com/@astridpanosyanbouvet,Compte vérifié
Aurélien Dutremble,XVII,aureliendutremble,https://www.tiktok.com/@aureliendutremble,Compte vérifié
Aurélien Le Coq,XVII,aurelienlecoq,https://www.tiktok.com/@aurelienlecoq,Compte vérifié
Aurélien Pradié,"XV, XVI, XVII",aurelienpradie,https://www.tiktok.com/@aurelienpradie,Compte vérifié
Aurélien Saintoul,"XVI, XVII",aurelien_saintoul,https://www.tiktok.com/@aurelien_saintoul,Compte vérifié
Aymeric Caron,"XVI, XVII",aymeric.caron,https://www.tiktok.com/@aymeric.caron,Compte vérifié
Barbara Bessot Ballot,XV,barbarabessotballot,https://www.tiktok.com/@barbarabessotballot,Compte vérifié
Bartolomé Lenoir,XVII,bartolome.lenoir,https://www.tiktok.com/@bartolome.lenoir,Compte vérifié
Bastien Lachaud,"XVI, XVII",bastien.lachaud,https://www.tiktok.com/@bastien.lachaud,Compte vérifié
Benjamin Haddad,"XVI, XVII",benjamin_haddad,https://www.tiktok.com/@benjamin_haddad,Compte vérifié
Benoit Mournet,XVI,benoitmournet,https://www.tiktok.com/@benoitmournet,Compte vérifié
Boris Tavernier,XVII,boris.tavernier,https://www.tiktok.com/@boris.tavernier,Compte vérifié
Boris Vallaud,"XV, XVI, XVII",borisvallaud,https://www.tiktok.com/@borisvallaud,Compte vérifié
Brigitte Barèges,XVII,brigitte.bareges,https://www.tiktok.com/@brigitte.bareges,Compte vérifié
Brigitte Klinkert,"XV, XVI, XVII",brigitteklinkert,https://www.tiktok.com/@brigitteklinkert,Compte vérifié
Bruno Clavet,XVII,bruno.clavet,https://www.tiktok.com/@bruno.clavet,Compte vérifié
Bruno Le Maire,XV,brunolemaire,https://www.tiktok.com/@brunolemaire,Compte vérifié
Bruno Millienne,"XV, XVI",brunomillienne,https://www.tiktok.com/@brunomillienne,Compte vérifié
Bryan Masson,"XVI, XVII",massonbryan,https://www.tiktok.com/@massonbryan,Compte vérifié
Béatrice Bellay,XVII,beatrice_bellay,https://www.tiktok.com/@beatrice_bellay,Compte vérifié
Bérangère Couillard,"XV, XVI",,,Aucun compte TikTok
Bérenger Cernon,XVII,berengercernon,https://www.tiktok.com/@berengercernon,Compte vérifié
Catherine Jaouen,XVI,catherinejaouen,https://www.tiktok.com/@catherinejaouen,Compte vérifié
Catherine Osson,XV,,,Aucun compte TikTok
Catherine Rimbert,XVII,catherine.rimbert,https://www.tiktok.com/@catherine.rimbert,Compte vérifié
Charles Alloncle,XVII,charles_alloncle,https://www.tiktok.com/@charles_alloncle,Compte vérifié
Charles Rodwell,"XVI, XVII",charles_rodwell,https://www.tiktok.com/@charles_rodwell,Compte vérifié
Christelle Petex,"XVI, XVII",christelle_petex,https://www.tiktok.com/@christelle_petex,Compte vérifié
Christian Baptiste,"XVI, XVII",christian.baptiste,https://www.tiktok.com/@christian.baptiste,Compte vérifié
Christophe Bex,"XVI, XVII",christophe_bex,https://www.tiktok.com/@christophe_bex,Compte vérifié
Christophe Castaner,XV,christophecastaner,https://www.tiktok.com/@christophecastaner,Compte vérifié
Christophe Marion,"XVI, XVII",marionchristophe,https://www.tiktok.com/@marionchristophe,Compte vérifié
Claire Marais-Beuil,XVII,clairemaraisbeuil,https://www.tiktok.com/@clairemaraisbeuil,Compte vérifié
Clémence Guetté,"XVI, XVII",guetteclemence,https://www.tiktok.com/@guetteclemence,Compte vérifié
Clément Beaune,XVI,clement.beaune,https://www.tiktok.com/@clement.beaune,Compte vérifié
Clémentine Autain,"XV, XVI, XVII",clementine_autain,https://www.tiktok.com/@clementine_autain,Compte vérifié
Corentin Le Fur,XVII,lefur_corentin,https://www.tiktok.com/@lefur_corentin,Compte vérifié
Cyrielle Chatelain,"XVI, XVII",cyrielle.chatelain,https://www.tiktok.com/@cyrielle.chatelain,Compte vérifié
Cyrille Isaac-Sibille,"XV, XVI, XVII",cyrille.isaacsibille,https://www.tiktok.com/@cyrille.isaacsibille,Compte vérifié
Cécile Rilhac,"XV, XVI",cecile_rilhac,https://www.tiktok.com/@cecile_rilhac,Compte vérifié
Damien Maudet,"XVI, XVII",damien.maudet,https://www.tiktok.com/@damien.maudet,Compte vérifié
Daniel Grenon,"XVI, XVII",daniel.grenon,https://www.tiktok.com/@daniel.grenon,Compte vérifié
Danielle Simonnet,"XVI, XVII",simonnetdeputee,https://www.tiktok.com/@simonnetdeputee,Compte vérifié
Danièle Obono,"XVI, XVII",deputee_obono,https://www.tiktok.com/@deputee_obono,Compte vérifié
David Corceiro,XV,davidcorceiro,https://www.tiktok.com/@davidcorceiro,Compte vérifié
David Guiraud,"XVI, XVII",david_guiraud,https://www.tiktok.com/@david_guiraud,Compte vérifié
Didier Parakian,XVI,didierparakian,https://www.tiktok.com/@didierparakian,Compte vérifié
Dieynaba Diop,XVII,,,Aucun compte TikTok
Edwige Diaz,"XVI, XVII",edwige_diaz,https://www.tiktok.com/@edwige_diaz,Compte vérifié
Elsa Faucillon,"XVI, XVII",elsafaucillon,https://www.tiktok.com/@elsafaucillon,Compte vérifié
Eléonore Caroit,"XVI, XVII",eleonore.caroit,https://www.tiktok.com/@eleonore.caroit,Compte vérifié
Emeric Salmon,"XVI, XVII",emericsalmon,https://www.tiktok.com/@emericsalmon,Compte vérifié
Emmanuel Blairy,"XV, XVI, XVII",emmanuel_blairy,https://www.tiktok.com/@emmanuel_blairy,Compte vérifié
Emmanuel Fernandes,"XVI, XVII",emmanuel_fernandes,https://www.tiktok.com/@emmanuel_fernandes,Compte vérifié
Emmanuel Fouquart,XVII,e_fouquart,https://www.tiktok.com/@e_fouquart,Compte vérifié
Emmanuel Grégoire,XVII,emmanuel.gregoire,https://www.tiktok.com/@emmanuel.gregoire,Compte vérifié
Emmanuel Maurel,XVII,emmanuelmaurel,https://www.tiktok.com/@emmanuelmaurel,Compte vérifié
Emmanuel Pellerin,XVI,emmanuel.pellerin,https://www.tiktok.com/@emmanuel.pellerin,Compte vérifié
Ericka Bareigts,XV,ebareigts,https://www.tiktok.com/@ebareigts,Compte vérifié
Ersilia Soudais,"XVI, XVII",ersilia.soudais,https://www.tiktok.com/@ersilia.soudais,Compte vérifié
Estelle Youssouffa,"XVI, XVII",estelle.youssouffa,https://www.tiktok.com/@estelle.youssouffa,Compte vérifié
Fabien Roussel,"XV, XVI",fabien_roussel,https://www.tiktok.com/@fabien_roussel,Compte vérifié
Farida Amrani,"XVI, XVII",amranifarida,https://www.tiktok.com/@amranifarida,Compte vérifié
Fatiha Keloua Hachi,"XVI, XVII",fatihakelouahachi,https://www.tiktok.com/@fatihakelouahachi,Compte vérifié
Flavien Termet,XVII,flavien.termet,https://www.tiktok.com/@flavien.termet,Compte vérifié
Florian Chauche,XVI,florian.chauche,https://www.tiktok.com/@florian.chauche,Compte vérifié
Frank Giletti,"XVI, XVII",frankgiletti,https://www.tiktok.com/@frankgiletti,Compte vérifié
François Jolivet,"XV, XVI, XVII",francoisjolivet,https://www.tiktok.com/@francoisjolivet,Compte vérifié
François Piquemal,"XVI, XVII",francois_piquemal,https://www.tiktok.com/@francois_piquemal,Compte vérifié
François Ruffin,"XV, XVI, XVII",francois_ruffin,https://www.tiktok.com/@francois_ruffin,Compte vérifié
François-Xavier Ceccoli,XVII,francoisxavierceccoli,https://www.tiktok.com/@francoisxavierceccoli,Compte vérifié
Françoise Ballet-Blu,XV,francoiseballetblu,https://www.tiktok.com/@francoiseballetblu,Compte vérifié
Frédéric Boccaletti,"XVI, XVII",boccaletti83,https://www.tiktok.com/@boccaletti83,Compte vérifié
Frédéric Falcon,"XVI, XVII",frederic.falcon,https://www.tiktok.com/@frederic.falcon,Compte vérifié
Frédéric Maillot,"XVI, XVII",frdric.maillot,https://www.tiktok.com/@frdric.maillot,Compte vérifié
Frédéric Mathieu,XVI,frdric_mathieu,https://www.tiktok.com/@frdric_mathieu,Compte vérifié
Frédéric Valletoux,"XVI, XVII",fredericvalletoux,https://www.tiktok.com/@fredericvalletoux,Compte vérifié
Frédéric Weber,XVII,weber.frederic,https://www.tiktok.com/@weber.frederic,Compte vérifié
Frédéric Zgainski,XVI,frederic.zgainski,https://www.tiktok.com/@frederic.zgainski,Compte vérifié
Frédéric-Pierre Vos,XVII,fredericpierrevos,https://www.tiktok.com/@fredericpierrevos,Compte vérifié
Gabriel Amard,"XVI, XVII",gabrielamard,https://www.tiktok.com/@gabrielamard,Compte vérifié
Gabriel Attal,"XV, XVI, XVII",gabriel_attal,https://www.tiktok.com/@gabriel_attal,Compte vérifié
Gabrielle Cathala,XVII,gabrielle_cathala,https://www.tiktok.com/@gabrielle_cathala,Compte vérifié
Gaëtan Dussausaye,XVII,gaetandussausaye,https://www.tiktok.com/@gaetandussausaye,Compte vérifié
Gilbert Collard,XV,gilbertcollard,https://www.tiktok.com/@gilbertcollard,Compte vérifié
Gisèle Lelouis,"XVI, XVII",gisele_lelouis,https://www.tiktok.com/@gisele_lelouis,Compte vérifié
Grégoire De Fournas,XVI,gregoiredefournas,https://www.tiktok.com/@gregoiredefournas,Compte vérifié
Guillaume Kasbarian,"XV, XVI, XVII",guillaumekasbarian,https://www.tiktok.com/@guillaumekasbarian,Compte vérifié
Guy Teissier,XV,,,Aucun compte TikTok
Géraldine Grangier,"XVI, XVII",geraldinegrangier,https://www.tiktok.com/@geraldinegrangier,Compte vérifié
Hadrien Clouet,"XVI, XVII",hadrien.clouet,https://www.tiktok.com/@hadrien.clouet,Compte vérifié
Hendrik Davi,"XVI, XVII",hendrikdavi,https://www.tiktok.com/@hendrikdavi,Compte vérifié
Henri Alfandari,"XVI, XVII",henri.alfandari,https://www.tiktok.com/@henri.alfandari,Compte vérifié
Hervé Berville,"XV, XVI, XVII",herveberville,https://www.tiktok.com/@herveberville,Compte vérifié
Hervé Saulignac,"XV, XVI, XVII",herve.saulignac,https://www.tiktok.com/@herve.saulignac,Compte vérifié
Idir Boumertit,"XVI, XVII",idirboumertit,https://www.tiktok.com/@idirboumertit,Compte vérifié
Isabelle Santiago,"XV, XVI, XVII",,,Aucun compte TikTok
Jacques Savatier,XV,jsavatier,https://www.tiktok.com/@jsavatier,Compte vérifié
Jean Moulliere,XVII,jeanmoulliere,https://www.tiktok.com/@jeanmoulliere,Compte vérifié
Jean-François Coulomme,"XVI, XVII",jfcoulomme,https://www.tiktok.com/@jfcoulomme,Compte vérifié
Jean-François Eliaou,XV,jeanfrancoiseliaou,https://www.tiktok.com/@jeanfrancoiseliaou,Compte vérifié
Jean-Félix Acquaviva,"XV, XVI",jf.acquaviva,https://www.tiktok.com/@jf.acquaviva,Compte vérifié
Jean-Louis Masson,XV,,,Aucun compte TikTok
Jean-Luc Mélenchon,XV,jlmelenchon,https://www.tiktok.com/@jlmelenchon,Compte vérifié
Jean-Marc Zulesi,"XV, XVI",jmzulesi,https://www.tiktok.com/@jmzulesi,Compte vérifié
Jean-Marie Fiévet,"XV, XVI, XVII",,,Aucun compte TikTok
Jean-Philippe Tanguy,"XVI, XVII",jphtanguy,https://www.tiktok.com/@jphtanguy,Compte vérifié
Jocelyn Dessigny,"XVI, XVII",jocelyn_dessigny,https://www.tiktok.com/@jocelyn_dessigny,Compte vérifié
José Beaurain,"XVI, XVII",josebeaurain,https://www.tiktok.com/@josebeaurain,Compte vérifié
Joël Aviragnet,"XV, XVI, XVII",joelaviragnet,https://www.tiktok.com/@joelaviragnet,Compte vérifié
Julie Lechanteux,"XVI, XVII",julie.lechanteux,https://www.tiktok.com/@julie.lechanteux,Compte vérifié
Julien Brugerolles,XVII,julien.brugerolles,https://www.tiktok.com/@julien.brugerolles,Compte vérifié
Julien Limongi,XVII,julien.limongi,https://www.tiktok.com/@julien.limongi,Compte vérifié
Julien Odoul,"XVI, XVII",julienodoul,https://www.tiktok.com/@julienodoul,Compte vérifié
Julien Rancoule,"XVI, XVII",julien.rancoule,https://www.tiktok.com/@julien.rancoule,Compte vérifié
Jérémie Iordanoff,"XVI, XVII",jeremie.iordanoff,https://www.tiktok.com/@jeremie.iordanoff,Compte vérifié
Jérôme Legavre,"XVI, XVII",jeromelegavre,https://www.tiktok.com/@jeromelegavre,Compte vérifié
Jérôme Nury,"XV, XVI, XVII",jeromenury,https://www.tiktok.com/@jeromenury,Compte vérifié
Karl Olive,"XVI, XVII",karl.olive,https://www.tiktok.com/@karl.olive,Compte vérifié
Kévin Mauvieux,"XVI, XVII",kevinmauvieux,https://www.tiktok.com/@kevinmauvieux,Compte vérifié
Laetitia Saint-Paul,"XVI, XVII",laetitia_saintpaul,https://www.tiktok.com/@laetitia_saintpaul,Compte vérifié
Laure Lavalette,"XVI, XVII",laurelavalette,https://www.tiktok.com/@laurelavalette,Compte vérifié
Laurent Esquenet-Goxes,XVI,laurentesquenetgoxes,https://www.tiktok.com/@laurentesquenetgoxes,Compte vérifié
Laurent Jacobelli,"XVI, XVII",laurentjacobelli,https://www.tiktok.com/@laurentjacobelli,Compte vérifié
Laurent Mazaury,XVII,laurent.mazaury,https://www.tiktok.com/@laurent.mazaury,Compte vérifié
Lionel Tivoli,"XVI, XVII",lioneltivoli,https://www.tiktok.com/@lioneltivoli,Compte vérifié
Lionel Vuibert,"XVI, XVII",lionel.vuibert,https://www.tiktok.com/@lionel.vuibert,Compte vérifié
Lisa Belluco,"XVI, XVII",lisabelluco,https://www.tiktok.com/@lisabelluco,Compte vérifié
Lisette Pollet,"XVI, XVII",lisette.pollet,https://www.tiktok.com/@lisette.pollet,Compte vérifié
Louis Aliot,XV,louis_aliot,https://www.tiktok.com/@louis_aliot,Compte vérifié
Louis Boyard,"XVI, XVII",louisboyard,https://www.tiktok.com/@louisboyard,Compte vérifié
Léa Balage El Mariky,XVII,leabalage,https://www.tiktok.com/@leabalage,Compte vérifié
Léo Walter,XVI,leowalter04,https://www.tiktok.com/@leowalter04,Compte vérifié
M'jid El Guerrab,XV,mjidelguerrab,https://www.tiktok.com/@mjidelguerrab,Compte vérifié
Manuel Bompard,"XVI, XVII",manuelbompard,https://www.tiktok.com/@manuelbompard,Compte vérifié
Marc Le Fur,"XV, XVI",lefurmarc,https://www.tiktok.com/@lefurmarc,Compte vérifié
Marcellin Nadeau,"XVI, XVII",marcellin.nadeau,https://www.tiktok.com/@marcellin.nadeau,Compte vérifié
Marie Mesmeur,XVII,mesmeur.marie,https://www.tiktok.com/@mesmeur.marie,Compte vérifié
Marie Pochon,"XVI, XVII",mariepochon,https://www.tiktok.com/@mariepochon,Compte vérifié
Marie Tamarelle-Verhaeghe,XV,marietamarelleverhaeghe,https://www.tiktok.com/@marietamarelleverhaeghe,Compte vérifié
Marie-Charlotte Garin,"XVI, XVII",mc_garin,https://www.tiktok.com/@mc_garin,Compte vérifié
Marine Hamelet,"XVI, XVII",marine.hamelet,https://www.tiktok.com/@marine.hamelet,Compte vérifié
Marine Le Pen,"XV, XVI, XVII",mlp.officiel,https://www.tiktok.com/@mlp.officiel,Compte vérifié
Mathilde Hignet,"XVI, XVII",mathilde.hignet,https://www.tiktok.com/@mathilde.hignet,Compte vérifié
Mathilde Panot,"XV, XVI, XVII",mathildepanot,https://www.tiktok.com/@mathildepanot,Compte vérifié
Matthias Tavel,"XVI, XVII",matthiastavel,https://www.tiktok.com/@matthiastavel,Compte vérifié
Matthieu Marchio,"XVI, XVII",matthieu_marchio,https://www.tiktok.com/@matthieu_marchio,Compte vérifié
Maxime Laisney,"XVI, XVII",maximelaisneyfi,https://www.tiktok.com/@maximelaisneyfi,Compte vérifié
Maxime Michelet,XVII,maximemichelet,https://www.tiktok.com/@maximemichelet,Compte vérifié
Michel Castellani,"XV, XVI, XVII",,,Aucun compte TikTok
Moerani Frébault,XVII,moerani.frebault,https://www.tiktok.com/@moerani.frebault,Compte vérifié
Mohamed Laqhila,"XV, XVI",mohamed_laqhila,https://www.tiktok.com/@mohamed_laqhila,Compte vérifié
Murielle Lepvraud,"XVI, XVII",muriellelepvraud,https://www.tiktok.com/@muriellelepvraud,Compte vérifié
Nadège Abomangoli,"XVI, XVII",nadegeabomangoli,https://www.tiktok.com/@nadegeabomangoli,Compte vérifié
Nathalie Bassire,"XV, XVI",nathalie.bassire,https://www.tiktok.com/@nathalie.bassire,Compte vérifié
Nathalie Oziol,"XVI, XVII",nathalieoziol,https://www.tiktok.com/@nathalieoziol,Compte vérifié
Naïma Moutchou,"XVI, XVII",naima_moutchou,https://www.tiktok.com/@naima_moutchou,Compte vérifié
Nicolas Dupont-Aignan,"XV, XVI",dupontaignannicolas,https://www.tiktok.com/@dupontaignannicolas,Compte vérifié
Nicolas Forissier,"XV, XVI, XVII",nicolasforissier,https://www.tiktok.com/@nicolasforissier,Compte vérifié
Nicolas Meizonnet,"XV, XVI, XVII",nmeizonnet,https://www.tiktok.com/@nmeizonnet,Compte vérifié
Olivier Faure,"XV, XVI, XVII",faure_olivier,https://www.tiktok.com/@faure_olivier,Compte vérifié
Olivier Fayssat,XVII,olivier.fayssat,https://www.tiktok.com/@olivier.fayssat,Compte vérifié
Olivier Serva,"XV, XVI, XVII",olivier.serva,https://www.tiktok.com/@olivier.serva,Compte vérifié
Olivier Véran,XVI,olivierveran,https://www.tiktok.com/@olivierveran,Compte vérifié
Pascal Brindeau,XV,,,Aucun compte TikTok
Paul Christophle,XVII,paul.christophle,https://www.tiktok.com/@paul.christophle,Compte vérifié
Paul Midy,"XVI, XVII",midy_paul,https://www.tiktok.com/@midy_paul,Compte vérifié
Paul Vannier,"XVI, XVII",paulvannier,https://www.tiktok.com/@paulvannier,Compte vérifié
Perrine Goulet,"XV, XVI, XVII",perrine.goulet,https://www.tiktok.com/@perrine.goulet,Compte vérifié
Philippe Ballard,"XVI, XVII",philippe_ballard,https://www.tiktok.com/@philippe_ballard,Compte vérifié
Philippe Naillet,"XV, XVI, XVII",philippe.naillet,https://www.tiktok.com/@philippe.naillet,Compte vérifié
Philippe Schreck,"XVI, XVII",philippeschreck,https://www.tiktok.com/@philippeschreck,Compte vérifié
Pierre Cazeneuve,"XVI, XVII",pierre.cazeneuve,https://www.tiktok.com/@pierre.cazeneuve,Compte vérifié
Pierre Dharréville,"XV, XVI",pierre.dharreville,https://www.tiktok.com/@pierre.dharreville,Compte vérifié
Pierre Henriet,"XV, XVI, XVII",pierrehenriet,https://www.tiktok.com/@pierrehenriet,Compte vérifié
Pierre Meurin,"XVI, XVII",meurin_p,https://www.tiktok.com/@meurin_p,Compte vérifié
Pierre Person,XV,pierre.person,https://www.tiktok.com/@pierre.person,Compte vérifié
Pierre-Alain Raphan,XV,mavoiecompte_?lang=en,https://www.tiktok.com/@mavoiecompte_?lang=en,Compte vérifié
Pierre-Yves Cadalen,XVII,pierreyvescadalen,https://www.tiktok.com/@pierreyvescadalen,Compte vérifié
Pierrick Berteloot,XVI,pierrick.berteloot,https://www.tiktok.com/@pierrick.berteloot,Compte vérifié
Pouria Amirshahi,XVII,pouria.amirshahi,https://www.tiktok.com/@pouria.amirshahi,Compte vérifié
Prisca Thevenot,"XVI, XVII",prisca_thevenot,https://www.tiktok.com/@prisca_thevenot,Compte vérifié
Raphaël Arnault,XVII,raphael_arnault,https://www.tiktok.com/@raphael_arnault,Compte vérifié
Raquel Garrido,XVI,garrido.raquel,https://www.tiktok.com/@garrido.raquel,Compte vérifié
René Pilato,"XVI, XVII",rene_pilato,https://www.tiktok.com/@rene_pilato,Compte vérifié
Rodrigo Arenas,"XVI, XVII",arenasrodrigo,https://www.tiktok.com/@arenasrodrigo,Compte vérifié
Rodrigue Kokouendo,XV,kokouendorodrigue,https://www.tiktok.com/@kokouendorodrigue,Compte vérifié
Roger Vicot,"XVI, XVII",rogervicot,https://www.tiktok.com/@rogervicot,Compte vérifié
Roland Lescure,"XV, XVI, XVII",roland.lescure,https://www.tiktok.com/@roland.lescure,Compte vérifié
Romain Eskenazi,XVII,romain.eskenazi,https://www.tiktok.com/@romain.eskenazi,Compte vérifié
Romain Tonussi,XVII,romain.tonussi,https://www.tiktok.com/@romain.tonussi,Compte vérifié
Sabrina Agresti-Roubache,XVI,sabrina.agrestiroubache,https://www.tiktok.com/@sabrina.agrestiroubache,Compte vérifié
Sabrina Sebaihi,"XVI, XVII",sabrinasebaihi,https://www.tiktok.com/@sabrinasebaihi,Compte vérifié
Sacha Houlié,"XV, XVI, XVII",sacha_houlie,https://www.tiktok.com/@sacha_houlie,Compte vérifié
Sandra Marsaud,"XV, XVI, XVII",,,Aucun compte TikTok
Sandra Regol,"XVI, XVII",sandra.regol,https://www.tiktok.com/@sandra.regol,Compte vérifié
Sandrine Dogor-Such,"XVI, XVII",sandrinedogorsuch,https://www.tiktok.com/@sandrinedogorsuch,Compte vérifié
Sandrine Nosbé,XVII,sandrinenosbe,https://www.tiktok.com/@sandrinenosbe,Compte vérifié
Sandrine Rousseau,"XVI, XVII",sandrousseau,https://www.tiktok.com/@sandrousseau,Compte vérifié
Sandrine Runel,XVII,sandrine.runel,https://www.tiktok.com/@sandrine.runel,Compte vérifié
Sarah El Haïry,"XV, XVI",sarahelhairy,https://www.tiktok.com/@sarahelhairy,Compte vérifié
Sarah Legrain,"XVI, XVII",sarah_legrain,https://www.tiktok.com/@sarah_legrain,Compte vérifié
Sereine Mauborgne,XV,sereinemauborgne,https://www.tiktok.com/@sereinemauborgne,Compte vérifié
Serge Muller,"XVI, XVII",sergemuller24,https://www.tiktok.com/@sergemuller24,Compte vérifié
Sophia Chikirou,"XVI, XVII",sophiachikirou,https://www.tiktok.com/@sophiachikirou,Compte vérifié
Sophie Taillé-Polian,"XVI, XVII",sophietaillepolian,https://www.tiktok.com/@sophietaillepolian,Compte vérifié
Stéphane Buchou,"XV, XVI, XVII",stephane.buchou,https://www.tiktok.com/@stephane.buchou,Compte vérifié
Stéphane Peu,"XV, XVI, XVII",stephane.peu,https://www.tiktok.com/@stephane.peu,Compte vérifié
Stéphane Rambaud,"XVI, XVII",srambaudrn,https://www.tiktok.com/@srambaudrn,Compte vérifié
Stéphane Viry,"XV, XVI, XVII",stephane.viry,https://www.tiktok.com/@stephane.viry,Compte vérifié
Sylvain Maillard,"XV, XVI, XVII",sylvainmaillard75,https://www.tiktok.com/@sylvainmaillard75,Compte vérifié
Sylvie Dezarnaud,XVII,sylviedezarnaud,https://www.tiktok.com/@sylviedezarnaud,Compte vérifié
Sébastien Chenu,"XV, XVI, XVII",sebchenu,https://www.tiktok.com/@sebchenu,Compte vérifié
Sébastien Delogu,"XVI, XVII",sebastiendelogu,https://www.tiktok.com/@sebastiendelogu,Compte vérifié
Sébastien Peytavie,"XVI, XVII",speytavie,https://www.tiktok.com/@speytavie,Compte vérifié
Ségolène Amiot,"XVI, XVII",segoleneamiot,https://www.tiktok.com/@segoleneamiot,Compte vérifié
Tematai Le Gayic,XVI,tematai.le.gayic,https://www.tiktok.com/@tematai.le.gayic,Compte vérifié
Thibaut François,XVI,thib.francois,https://www.tiktok.com/@thib.francois,Compte vérifié
Thierry Tesson,XVII,thierry.tesson,https://www.tiktok.com/@thierry.tesson,Compte vérifié
Thomas Gassilloud,"XVI, XVII",tgassilloud,https://www.tiktok.com/@tgassilloud,Compte vérifié
Thomas Portes,"XVI, XVII",thomas_portes,https://www.tiktok.com/@thomas_portes,Compte vérifié
Théo Bernhardt,XVII,bernhardt.theo,https://www.tiktok.com/@bernhardt.theo,Compte vérifié
Tiffany Joncour,XVII,tiffanyjoncour,https://www.tiktok.com/@tiffanyjoncour,Compte vérifié
Ugo Bernalicis,"XV, XVI, XVII",ugobernalicis,https://www.tiktok.com/@ugobernalicis,Compte vérifié
Valérie Lacroute,XV,valerielacroute,https://www.tiktok.com/@valerielacroute,Compte vérifié
Valérie Létard,XVII,,,Aucun compte TikTok
Valérie Oppelt,XV,valerie_oppelt,https://www.tiktok.com/@valerie_oppelt,Compte vérifié
Victor Catteau,XVI,victorcatteau,https://www.tiktok.com/@victorcatteau,Compte vérifié
Vincent Caure,XVII,vincent_caure,https://www.tiktok.com/@vincent_caure,Compte vérifié
Vincent Jeanbrun,XVII,vincentjeanbrun,https://www.tiktok.com/@vincentjeanbrun,Compte vérifié
Violette Spillebout,"XVI, XVII",vspillebout,https://www.tiktok.com/@vspillebout,Compte vérifié
Véronique De Montchalin,XVI,,,Aucun compte TikTok
Véronique Hammerer,XV,,,Aucun compte TikTok
Véronique Riotton,"XV, XVI, XVII",veroniqueriotton,https://www.tiktok.com/@veroniqueriotton,Compte vérifié
William Martinet,XVI,williammartinet,https://www.tiktok.com/@williammartinet,Compte vérifié
Xavier Paluszkiewicz,XV,,,Aucun compte TikTok
Xavier Roseren,"XV, XVI, XVII",xavier.roseren,https://www.tiktok.com/@xavier.roseren,Compte vérifié
Yannick Favennec-Bécot,"XV, XVI, XVII",,,Aucun compte TikTok
Yannick Haury,"XV, XVI",,,Aucun compte TikTok
Yannick Kerlogot,XV,,,Aucun compte TikTok
Yaël Braun-Pivet,"XV, XVI, XVII",yaelbraunpivet,https://www.tiktok.com/@yaelbraunpivet,Compte vérifié
Yaël Ménaché,"XVI, XVII",yael_menache,https://www.tiktok.com/@yael_menache,Compte vérifié
Yolaine De Courson,XV,,,Aucun compte TikTok
Zahia Hamdane,XVII,zahia.hamdane,https://www.tiktok.com/@zahia.hamdane,Compte vérifié
Édouard Bénard,"XVI, XVII",,,Aucun compte TikTok
Élisabeth Borne,"XVI, XVII",elisabeth_borne,https://www.tiktok.com/@elisabeth_borne,Compte vérifié
Élisabeth De Maistre,XVII,elisabethdemaistr,https://www.tiktok.com/@elisabethdemaistr,Compte vérifié
Élisabeth Toutut-Picard,XV,,,Aucun compte TikTok
Élise Fajgeles,XV,,,Aucun compte TikTok
Élodie Jacquier-Laforge,"XV, XVI",,,Aucun compte TikTok
Émeline K/Bidi,"XVI, XVII",emeline.kbidi?lang=id,https://www.tiktok.com/@emeline.kbidi?lang=id,Compte vérifié
Émilie Chalas,XV,,,Aucun compte TikTok
Éric Ciotti,"XV, XVI, XVII",eciotti,https://www.tiktok.com/@eciotti,Compte vérifié
Éric Coquerel,"XV, XVI, XVII",eric.coquerel,https://www.tiktok.com/@eric.coquerel,Compte vérifié
Éric Poulliat,"XV, XVI",eric.poulliat,https://www.tiktok.com/@eric.poulliat,Compte vérifié
